timestamp,symbol,price,signal,direction,entry_score,setup_ready,entry,sl,tp,rr,trend_1h,structure_1h,momentum_1h_state,momentum_1h_score,momentum_5m_state,momentum_5m_score,supply_zone_low,supply_zone_high,demand_zone_low,demand_zone_high,daily_supply_low,daily_supply_high,daily_demand_low,daily_demand_high,v_reversal_pattern,v_reversal_strength,v_reversal_level,channel_type,channel_position,channel_strength,double_pattern,double_level,double_neckline,double_strength,inside_bar_detected,inside_bar_count,inside_bar_bias,star_pattern,star_strength,wyckoff_pattern,wyckoff_level,wyckoff_strength,bearish_breaker_low,bearish_breaker_high,bullish_breaker_low,bullish_breaker_high,buy_sweep,sell_sweep,bull_confirm,bear_confirm,bos_bullish,bos_bearish,choch_bullish,choch_bearish,conditions_met,conditions_pending,session
2026-06-17 11:04:49,BTC,65666.18,WATCH_BUY,BULLISH,25,False,65666.18,63940.36,64905.35,0.44,BULLISH,HH_HL,BULLISH,27,STRONG_BULLISH,49,64066.78125,64905.3515625,63962.6484375,64007.23046875,73370.8515625,74020.7578125,59108.91796875,63807.69140625,NONE,0,0,ASCENDING,1,30.0,DOUBLE_BOTTOM,60898.89,62133.46,37,False,0,NONE,NONE,0,NONE,0,0,64055.36,64067.58,63938.89,64067.58,,,,,,,,,"1H structure: BULLISH (HH_HL) | 1H momentum: BULLISH (27) | Channel: ASCENDING | Position: 100% | DOUBLE_BOTTOM at $60,898.89 | Neckline: $62,133.46 (37%) | Bearish Breaker Block $64,055.36-$64,067.58 (broke at $63,938.89) | Bullish Breaker Block $63,938.89-$64,067.58 (broke at $64,160.13) | Daily supply: $73370.85-$74020.76 | Daily demand: $59108.92-$63807.69 | Bullish confirmation candle: BULLISH_MARUBOZU",Price approaching demand $63962.65-$64007.23 ($1659 away) | Wait for sell-side liquidity sweep | Wait for bullish BOS/CHOCH on 5m,OFF_HOURS
2026-06-17 11:05:15,GOLD,4344.6,WATCH_SELL,NEUTRAL,45,False,4344.6,4376.5,4349.1,0.14,NEUTRAL,COMPRESSION,STRONG_BEARISH,-66,NEUTRAL,-5,4356.39990234375,4369.7998046875,4349.10009765625,4354.0,4447.39990234375,4509.89990234375,4100.0,4200.0,V_TOP,83,4376.5,ASCENDING,0,0.0,DOUBLE_TOP,4376.5,4352.6,100,True,1,BULLISH,NONE,0,NONE,0,0,4235.0,4246.8,4231.6,4247.0,,,,,,,,,"1H structure: NEUTRAL (COMPRESSION) | 1H momentum: STRONG_BEARISH (-66) | V-Reversal: V_TOP at $4376.50 (83%) | Channel: ASCENDING | Position: 0% | DOUBLE_TOP at $4,376.50 | Neckline: $4,352.60 (100%) | Inside Bar x1 (BULLISH) | Break above $4,347.00 or below $4,340.60 | Bearish Breaker Block $4,235.00-$4,246.80 (broke at $4,231.60) | Bullish Breaker Block $4,231.60-$4,247.00 (broke at $4,247.90) | Daily supply: $4447.40-$4509.90 | Daily demand: $4100.00-$4200.00 | Bearish confirmation candle: BEARISH_MARUBOZU | Bearish BOS confirmed at $4348.10",Wait for price to reach supply $4356.40-$4369.80 ($12 away) | Wait for buy-side liquidity sweep,OFF_HOURS
2026-06-17 11:05:56,BTC,65666.18,WATCH_BUY,BULLISH,25,False,65666.18,63940.36,64905.35,0.44,BULLISH,HH_HL,BULLISH,27,STRONG_BULLISH,49,64066.78125,64905.3515625,63962.6484375,64007.23046875,73370.8515625,74020.7578125,59108.91796875,63807.69140625,NONE,0,0,ASCENDING,1,30.0,DOUBLE_BOTTOM,60898.89,62133.46,37,False,0,NONE,NONE,0,NONE,0,0,64055.36,64067.58,63938.89,64067.58,,,,,,,,,"1H structure: BULLISH (HH_HL) | 1H momentum: BULLISH (27) | Channel: ASCENDING | Position: 100% | DOUBLE_BOTTOM at $60,898.89 | Neckline: $62,133.46 (37%) | Bearish Breaker Block $64,055.36-$64,067.58 (broke at $63,938.89) | Bullish Breaker Block $63,938.89-$64,067.58 (broke at $64,160.13) | Daily supply: $73370.85-$74020.76 | Daily demand: $59108.92-$63807.69 | Bullish confirmation candle: BULLISH_MARUBOZU",Price approaching demand $63962.65-$64007.23 ($1659 away) | Wait for sell-side liquidity sweep | Wait for bullish BOS/CHOCH on 5m,OFF_HOURS
2026-06-17 11:06:18,GOLD,4344.2,WATCH_SELL,NEUTRAL,0,False,4344.2,4376.5,4349.1,0.15,NEUTRAL,COMPRESSION,STRONG_BEARISH,-64,BEARISH,-27,4356.39990234375,4369.7998046875,4349.10009765625,4354.0,4447.39990234375,4509.89990234375,4100.0,4200.0,V_TOP,83,4376.5,ASCENDING,0,0.0,DOUBLE_TOP,4376.5,4352.6,100,False,0,NONE,NONE,0,NONE,0,0,4235.0,4246.8,4231.6,4247.0,,,,,,,,,"1H structure: NEUTRAL (COMPRESSION) | 1H momentum: STRONG_BEARISH (-64) | V-Reversal: V_TOP at $4376.50 (83%) | Channel: ASCENDING | Position: 0% | DOUBLE_TOP at $4,376.50 | Neckline: $4,352.60 (100%) | Bearish Breaker Block $4,235.00-$4,246.80 (broke at $4,231.60) | Bullish Breaker Block $4,231.60-$4,247.00 (broke at $4,247.90) | Daily supply: $4447.40-$4509.90 | Daily demand: $4100.00-$4200.00",Wait for price to reach supply $4356.40-$4369.80 ($12 away) | Wait for buy-side liquidity sweep | Wait for bearish confirmation candle | Wait for bearish BOS/CHOCH on 5m,OFF_HOURS
2026-06-17 11:07:03,BTC,65666.18,WATCH_BUY,BULLISH,25,False,65666.18,63940.36,64905.35,0.44,BULLISH,HH_HL,BULLISH,27,STRONG_BULLISH,49,64066.78125,64905.3515625,63962.6484375,64007.23046875,73370.8515625,74020.7578125,59108.91796875,63807.69140625,NONE,0,0,ASCENDING,1,30.0,DOUBLE_BOTTOM,60898.89,62133.46,37,False,0,NONE,NONE,0,NONE,0,0,64055.36,64067.58,63938.89,64067.58,,,,,,,,,"1H structure: BULLISH (HH_HL) | 1H momentum: BULLISH (27) | Channel: ASCENDING | Position: 100% | DOUBLE_BOTTOM at $60,898.89 | Neckline: $62,133.46 (37%) | Bearish Breaker Block $64,055.36-$64,067.58 (broke at $63,938.89) | Bullish Breaker Block $63,938.89-$64,067.58 (broke at $64,160.13) | Daily supply: $73370.85-$74020.76 | Daily demand: $59108.92-$63807.69 | Bullish confirmation candle: BULLISH_MARUBOZU",Price approaching demand $63962.65-$64007.23 ($1659 away) | Wait for sell-side liquidity sweep | Wait for bullish BOS/CHOCH on 5m,OFF_HOURS
2026-06-17 11:07:21,GOLD,4345.6,WATCH_SELL,NEUTRAL,0,False,4345.6,4376.5,4349.1,0.11,NEUTRAL,COMPRESSION,STRONG_BEARISH,-64,BULLISH,17,4356.39990234375,4369.7998046875,4349.10009765625,4354.0,4447.39990234375,4509.89990234375,4100.0,4200.0,V_TOP,83,4376.5,ASCENDING,0,0.0,DOUBLE_TOP,4376.5,4352.6,100,False,0,NONE,NONE,0,NONE,0,0,4235.0,4246.8,4231.6,4247.0,,,,,,,,,"1H structure: NEUTRAL (COMPRESSION) | 1H momentum: STRONG_BEARISH (-64) | V-Reversal: V_TOP at $4376.50 (83%) | Channel: ASCENDING | Position: 0% | DOUBLE_TOP at $4,376.50 | Neckline: $4,352.60 (100%) | Bearish Breaker Block $4,235.00-$4,246.80 (broke at $4,231.60) | Bullish Breaker Block $4,231.60-$4,247.00 (broke at $4,247.90) | Daily supply: $4447.40-$4509.90 | Daily demand: $4100.00-$4200.00",Wait for price to reach supply $4356.40-$4369.80 ($11 away) | Wait for buy-side liquidity sweep | Wait for bearish confirmation candle | Wait for bearish BOS/CHOCH on 5m,OFF_HOURS
2026-06-17 11:08:10,BTC,65666.18,WATCH_BUY,BULLISH,25,False,65666.18,63940.36,64905.35,0.44,BULLISH,HH_HL,BULLISH,27,STRONG_BULLISH,49,64066.78125,64905.3515625,63962.6484375,64007.23046875,73370.8515625,74020.7578125,59108.91796875,63807.69140625,NONE,0,0,ASCENDING,1,30.0,DOUBLE_BOTTOM,60898.89,62133.46,37,False,0,NONE,NONE,0,NONE,0,0,64055.36,64067.58,63938.89,64067.58,,,,,,,,,"1H structure: BULLISH (HH_HL) | 1H momentum: BULLISH (27) | Channel: ASCENDING | Position: 100% | DOUBLE_BOTTOM at $60,898.89 | Neckline: $62,133.46 (37%) | Bearish Breaker Block $64,055.36-$64,067.58 (broke at $63,938.89) | Bullish Breaker Block $63,938.89-$64,067.58 (broke at $64,160.13) | Daily supply: $73370.85-$74020.76 | Daily demand: $59108.92-$63807.69 | Bullish confirmation candle: BULLISH_MARUBOZU",Price approaching demand $63962.65-$64007.23 ($1659 away) | Wait for sell-side liquidity sweep | Wait for bullish BOS/CHOCH on 5m,OFF_HOURS
2026-06-17 11:08:24,GOLD,4345.7,WATCH_SELL,NEUTRAL,0,False,4345.7,4376.5,4349.1,0.11,NEUTRAL,COMPRESSION,STRONG_BEARISH,-64,BULLISH,17,4356.39990234375,4369.7998046875,4349.10009765625,4354.0,4447.39990234375,4509.89990234375,4100.0,4200.0,V_TOP,83,4376.5,ASCENDING,0,0.0,DOUBLE_TOP,4376.5,4352.6,100,False,0,NONE,NONE,0,NONE,0,0,4235.0,4246.8,4231.6,4247.0,,,,,,,,,"1H structure: NEUTRAL (COMPRESSION) | 1H momentum: STRONG_BEARISH (-64) | V-Reversal: V_TOP at $4376.50 (83%) | Channel: ASCENDING | Position: 0% | DOUBLE_TOP at $4,376.50 | Neckline: $4,352.60 (100%) | Bearish Breaker Block $4,235.00-$4,246.80 (broke at $4,231.60) | Bullish Breaker Block $4,231.60-$4,247.00 (broke at $4,247.90) | Daily supply: $4447.40-$4509.90 | Daily demand: $4100.00-$4200.00",Wait for price to reach supply $4356.40-$4369.80 ($11 away) | Wait for buy-side liquidity sweep | Wait for bearish confirmation candle | Wait for bearish BOS/CHOCH on 5m,OFF_HOURS
2026-06-17 11:09:17,BTC,65666.18,WATCH_BUY,BULLISH,25,False,65666.18,63940.36,64905.35,0.44,BULLISH,HH_HL,BULLISH,27,STRONG_BULLISH,49,64066.78125,64905.3515625,63962.6484375,64007.23046875,73370.8515625,74020.7578125,59108.91796875,63807.69140625,NONE,0,0,ASCENDING,1,30.0,DOUBLE_BOTTOM,60898.89,62133.46,37,False,0,NONE,NONE,0,NONE,0,0,64055.36,64067.58,63938.89,64067.58,,,,,,,,,"1H structure: BULLISH (HH_HL) | 1H momentum: BULLISH (27) | Channel: ASCENDING | Position: 100% | DOUBLE_BOTTOM at $60,898.89 | Neckline: $62,133.46 (37%) | Bearish Breaker Block $64,055.36-$64,067.58 (broke at $63,938.89) | Bullish Breaker Block $63,938.89-$64,067.58 (broke at $64,160.13) | Daily supply: $73370.85-$74020.76 | Daily demand: $59108.92-$63807.69 | Bullish confirmation candle: BULLISH_MARUBOZU",Price approaching demand $63962.65-$64007.23 ($1659 away) | Wait for sell-side liquidity sweep | Wait for bullish BOS/CHOCH on 5m,OFF_HOURS
2026-06-17 11:09:27,GOLD,4346.5,WATCH_NEUTRAL,NEUTRAL,0,False,4346.5,0,0,0,NEUTRAL,COMPRESSION,NEUTRAL,-2,BULLISH,18,4356.39990234375,4369.7998046875,4349.10009765625,4354.0,4447.39990234375,4509.89990234375,4100.0,4200.0,V_TOP,83,4376.5,ASCENDING,0,0.0,DOUBLE_TOP,4376.5,4352.6,100,False,0,NONE,NONE,0,NONE,0,0,4235.0,4246.8,4231.6,4247.0,,,,,,,,,"1H structure: NEUTRAL (COMPRESSION) | V-Reversal: V_TOP at $4376.50 (83%) | Channel: ASCENDING | Position: 0% | DOUBLE_TOP at $4,376.50 | Neckline: $4,352.60 (100%) | Bearish Breaker Block $4,235.00-$4,246.80 (broke at $4,231.60) | Bullish Breaker Block $4,231.60-$4,247.00 (broke at $4,247.90) | Daily supply: $4447.40-$4509.90 | Daily demand: $4100.00-$4200.00",1H structure NEUTRAL — wait for clear HH/HL or LH/LL,OFF_HOURS
2026-06-17 11:10:25,BTC,65666.18,WATCH_BUY,BULLISH,25,False,65666.18,63940.36,64905.35,0.44,BULLISH,HH_HL,BULLISH,27,STRONG_BULLISH,49,64066.78125,64905.3515625,63962.6484375,64007.23046875,73370.8515625,74020.7578125,59108.91796875,63807.69140625,NONE,0,0,ASCENDING,1,30.0,DOUBLE_BOTTOM,60898.89,62133.46,37,False,0,NONE,NONE,0,NONE,0,0,64055.36,64067.58,63938.89,64067.58,,,,,,,,,"1H structure: BULLISH (HH_HL) | 1H momentum: BULLISH (27) | Channel: ASCENDING | Position: 100% | DOUBLE_BOTTOM at $60,898.89 | Neckline: $62,133.46 (37%) | Bearish Breaker Block $64,055.36-$64,067.58 (broke at $63,938.89) | Bullish Breaker Block $63,938.89-$64,067.58 (broke at $64,160.13) | Daily supply: $73370.85-$74020.76 | Daily demand: $59108.92-$63807.69 | Bullish confirmation candle: BULLISH_MARUBOZU",Price approaching demand $63962.65-$64007.23 ($1659 away) | Wait for sell-side liquidity sweep | Wait for bullish BOS/CHOCH on 5m,OFF_HOURS
2026-06-17 11:10:30,GOLD,4346.5,WATCH_NEUTRAL,NEUTRAL,0,False,4346.5,0,0,0,NEUTRAL,COMPRESSION,NEUTRAL,1,BULLISH,18,4356.39990234375,4369.7998046875,4349.10009765625,4354.0,4447.39990234375,4509.89990234375,4100.0,4200.0,V_BOTTOM,75,4333.7,ASCENDING,0,0.0,DOUBLE_TOP,4376.5,4352.6,100,False,0,NONE,NONE,0,NONE,0,0,4235.0,4246.8,4231.6,4247.0,,,,,,,,,"1H structure: NEUTRAL (COMPRESSION) | V-Reversal: V_BOTTOM at $4333.70 (75%) | Channel: ASCENDING | Position: 0% | DOUBLE_TOP at $4,376.50 | Neckline: $4,352.60 (100%) | Bearish Breaker Block $4,235.00-$4,246.80 (broke at $4,231.60) | Bullish Breaker Block $4,231.60-$4,247.00 (broke at $4,247.90) | Daily supply: $4447.40-$4509.90 | Daily demand: $4100.00-$4200.00",1H structure NEUTRAL — wait for clear HH/HL or LH/LL,OFF_HOURS
2026-06-17 11:11:33,GOLD,4349.5,WATCH_NEUTRAL,NEUTRAL,0,False,4349.5,0,0,0,NEUTRAL,COMPRESSION,NEUTRAL,-1,BULLISH,36,4356.39990234375,4369.7998046875,4349.10009765625,4354.0,4447.39990234375,4509.89990234375,4100.0,4200.0,V_BOTTOM,75,4333.7,ASCENDING,0,0.0,DOUBLE_TOP,4376.5,4352.6,100,False,0,NONE,NONE,0,NONE,0,0,4235.0,4246.8,4231.6,4247.0,,,,,,,,,"1H structure: NEUTRAL (COMPRESSION) | V-Reversal: V_BOTTOM at $4333.70 (75%) | Channel: ASCENDING | Position: 0% | DOUBLE_TOP at $4,376.50 | Neckline: $4,352.60 (100%) | Bearish Breaker Block $4,235.00-$4,246.80 (broke at $4,231.60) | Bullish Breaker Block $4,231.60-$4,247.00 (broke at $4,247.90) | Daily supply: $4447.40-$4509.90 | Daily demand: $4100.00-$4200.00",1H structure NEUTRAL — wait for clear HH/HL or LH/LL,OFF_HOURS
2026-06-17 11:11:34,BTC,65666.18,WATCH_BUY,BULLISH,25,False,65666.18,63940.36,64905.35,0.44,BULLISH,HH_HL,BULLISH,27,STRONG_BULLISH,49,64066.78125,64905.3515625,63962.6484375,64007.23046875,73370.8515625,74020.7578125,59108.91796875,63807.69140625,NONE,0,0,ASCENDING,1,30.0,DOUBLE_BOTTOM,60898.89,62133.46,37,False,0,NONE,NONE,0,NONE,0,0,64055.36,64067.58,63938.89,64067.58,,,,,,,,,"1H structure: BULLISH (HH_HL) | 1H momentum: BULLISH (27) | Channel: ASCENDING | Position: 100% | DOUBLE_BOTTOM at $60,898.89 | Neckline: $62,133.46 (37%) | Bearish Breaker Block $64,055.36-$64,067.58 (broke at $63,938.89) | Bullish Breaker Block $63,938.89-$64,067.58 (broke at $64,160.13) | Daily supply: $73370.85-$74020.76 | Daily demand: $59108.92-$63807.69 | Bullish confirmation candle: BULLISH_MARUBOZU",Price approaching demand $63962.65-$64007.23 ($1659 away) | Wait for sell-side liquidity sweep | Wait for bullish BOS/CHOCH on 5m,OFF_HOURS
2026-06-17 11:12:37,GOLD,4348.4,WATCH_NEUTRAL,NEUTRAL,0,False,4348.4,0,0,0,NEUTRAL,COMPRESSION,NEUTRAL,-1,BULLISH,35,4356.39990234375,4369.7998046875,4349.10009765625,4354.0,4447.39990234375,4509.89990234375,4100.0,4200.0,V_BOTTOM,75,4333.7,ASCENDING,0,0.0,DOUBLE_TOP,4376.5,4352.6,100,False,0,NONE,NONE,0,NONE,0,0,4235.0,4246.8,4231.6,4247.0,,,,,,,,,"1H structure: NEUTRAL (COMPRESSION) | V-Reversal: V_BOTTOM at $4333.70 (75%) | Channel: ASCENDING | Position: 0% | DOUBLE_TOP at $4,376.50 | Neckline: $4,352.60 (100%) | Bearish Breaker Block $4,235.00-$4,246.80 (broke at $4,231.60) | Bullish Breaker Block $4,231.60-$4,247.00 (broke at $4,247.90) | Daily supply: $4447.40-$4509.90 | Daily demand: $4100.00-$4200.00",1H structure NEUTRAL — wait for clear HH/HL or LH/LL,OFF_HOURS
2026-06-17 11:12:42,BTC,65666.18,WATCH_BUY,BULLISH,25,False,65666.18,63940.36,64905.35,0.44,BULLISH,HH_HL,BULLISH,27,STRONG_BULLISH,49,64066.78125,64905.3515625,63962.6484375,64007.23046875,73370.8515625,74020.7578125,59108.91796875,63807.69140625,NONE,0,0,ASCENDING,1,30.0,DOUBLE_BOTTOM,60898.89,62133.46,37,False,0,NONE,NONE,0,NONE,0,0,64055.36,64067.58,63938.89,64067.58,,,,,,,,,"1H structure: BULLISH (HH_HL) | 1H momentum: BULLISH (27) | Channel: ASCENDING | Position: 100% | DOUBLE_BOTTOM at $60,898.89 | Neckline: $62,133.46 (37%) | Bearish Breaker Block $64,055.36-$64,067.58 (broke at $63,938.89) | Bullish Breaker Block $63,938.89-$64,067.58 (broke at $64,160.13) | Daily supply: $73370.85-$74020.76 | Daily demand: $59108.92-$63807.69 | Bullish confirmation candle: BULLISH_MARUBOZU",Price approaching demand $63962.65-$64007.23 ($1659 away) | Wait for sell-side liquidity sweep | Wait for bullish BOS/CHOCH on 5m,OFF_HOURS
2026-06-17 11:13:40,GOLD,4349.4,WATCH_NEUTRAL,NEUTRAL,0,False,4349.4,0,0,0,NEUTRAL,COMPRESSION,NEUTRAL,-1,BULLISH,36,4356.39990234375,4369.7998046875,4349.10009765625,4354.0,4447.39990234375,4509.89990234375,4100.0,4200.0,V_BOTTOM,75,4333.7,ASCENDING,0,0.0,DOUBLE_TOP,4376.5,4352.6,100,False,0,NONE,NONE,0,NONE,0,0,4235.0,4246.8,4231.6,4247.0,,,,,,,,,"1H structure: NEUTRAL (COMPRESSION) | V-Reversal: V_BOTTOM at $4333.70 (75%) | Channel: ASCENDING | Position: 0% | DOUBLE_TOP at $4,376.50 | Neckline: $4,352.60 (100%) | Bearish Breaker Block $4,235.00-$4,246.80 (broke at $4,231.60) | Bullish Breaker Block $4,231.60-$4,247.00 (broke at $4,247.90) | Daily supply: $4447.40-$4509.90 | Daily demand: $4100.00-$4200.00",1H structure NEUTRAL — wait for clear HH/HL or LH/LL,OFF_HOURS
2026-06-17 11:13:49,BTC,65666.18,WATCH_BUY,BULLISH,25,False,65666.18,63940.36,64905.35,0.44,BULLISH,HH_HL,BULLISH,27,STRONG_BULLISH,49,64066.78125,64905.3515625,63962.6484375,64007.23046875,73370.8515625,74020.7578125,59108.91796875,63807.69140625,NONE,0,0,ASCENDING,1,30.0,DOUBLE_BOTTOM,60898.89,62133.46,37,False,0,NONE,NONE,0,NONE,0,0,64055.36,64067.58,63938.89,64067.58,,,,,,,,,"1H structure: BULLISH (HH_HL) | 1H momentum: BULLISH (27) | Channel: ASCENDING | Position: 100% | DOUBLE_BOTTOM at $60,898.89 | Neckline: $62,133.46 (37%) | Bearish Breaker Block $64,055.36-$64,067.58 (broke at $63,938.89) | Bullish Breaker Block $63,938.89-$64,067.58 (broke at $64,160.13) | Daily supply: $73370.85-$74020.76 | Daily demand: $59108.92-$63807.69 | Bullish confirmation candle: BULLISH_MARUBOZU",Price approaching demand $63962.65-$64007.23 ($1659 away) | Wait for sell-side liquidity sweep | Wait for bullish BOS/CHOCH on 5m,OFF_HOURS
2026-06-17 11:14:43,GOLD,4349.4,WATCH_NEUTRAL,NEUTRAL,0,False,4349.4,0,0,0,NEUTRAL,COMPRESSION,NEUTRAL,-1,BULLISH,36,4356.39990234375,4369.7998046875,4349.10009765625,4354.0,4447.39990234375,4509.89990234375,4100.0,4200.0,V_BOTTOM,75,4333.7,ASCENDING,0,0.0,DOUBLE_TOP,4376.5,4352.6,100,False,0,NONE,NONE,0,NONE,0,0,4235.0,4246.8,4231.6,4247.0,,,,,,,,,"1H structure: NEUTRAL (COMPRESSION) | V-Reversal: V_BOTTOM at $4333.70 (75%) | Channel: ASCENDING | Position: 0% | DOUBLE_TOP at $4,376.50 | Neckline: $4,352.60 (100%) | Bearish Breaker Block $4,235.00-$4,246.80 (broke at $4,231.60) | Bullish Breaker Block $4,231.60-$4,247.00 (broke at $4,247.90) | Daily supply: $4447.40-$4509.90 | Daily demand: $4100.00-$4200.00",1H structure NEUTRAL — wait for clear HH/HL or LH/LL,OFF_HOURS
2026-06-17 11:14:57,BTC,65666.18,WATCH_BUY,BULLISH,25,False,65666.18,63940.36,64905.35,0.44,BULLISH,HH_HL,BULLISH,27,STRONG_BULLISH,49,64066.78125,64905.3515625,63962.6484375,64007.23046875,73370.8515625,74020.7578125,59108.91796875,63807.69140625,NONE,0,0,ASCENDING,1,30.0,DOUBLE_BOTTOM,60898.89,62133.46,37,False,0,NONE,NONE,0,NONE,0,0,64055.36,64067.58,63938.89,64067.58,,,,,,,,,"1H structure: BULLISH (HH_HL) | 1H momentum: BULLISH (27) | Channel: ASCENDING | Position: 100% | DOUBLE_BOTTOM at $60,898.89 | Neckline: $62,133.46 (37%) | Bearish Breaker Block $64,055.36-$64,067.58 (broke at $63,938.89) | Bullish Breaker Block $63,938.89-$64,067.58 (broke at $64,160.13) | Daily supply: $73370.85-$74020.76 | Daily demand: $59108.92-$63807.69 | Bullish confirmation candle: BULLISH_MARUBOZU",Price approaching demand $63962.65-$64007.23 ($1659 away) | Wait for sell-side liquidity sweep | Wait for bullish BOS/CHOCH on 5m,OFF_HOURS
2026-06-17 11:15:47,GOLD,4349.4,WATCH_NEUTRAL,NEUTRAL,0,False,4349.4,0,0,0,NEUTRAL,COMPRESSION,NEUTRAL,-1,BULLISH,36,4356.39990234375,4369.7998046875,4349.10009765625,4354.0,4447.39990234375,4509.89990234375,4100.0,4200.0,V_BOTTOM,75,4333.7,ASCENDING,0,0.0,DOUBLE_TOP,4376.5,4352.6,100,False,0,NONE,NONE,0,NONE,0,0,4235.0,4246.8,4231.6,4247.0,,,,,,,,,"1H structure: NEUTRAL (COMPRESSION) | V-Reversal: V_BOTTOM at $4333.70 (75%) | Channel: ASCENDING | Position: 0% | DOUBLE_TOP at $4,376.50 | Neckline: $4,352.60 (100%) | Bearish Breaker Block $4,235.00-$4,246.80 (broke at $4,231.60) | Bullish Breaker Block $4,231.60-$4,247.00 (broke at $4,247.90) | Daily supply: $4447.40-$4509.90 | Daily demand: $4100.00-$4200.00",1H structure NEUTRAL — wait for clear HH/HL or LH/LL,OFF_HOURS
2026-06-17 11:16:04,BTC,65666.18,WATCH_BUY,BULLISH,25,False,65666.18,63940.36,64905.35,0.44,BULLISH,HH_HL,BULLISH,27,STRONG_BULLISH,49,64066.78125,64905.3515625,63962.6484375,64007.23046875,73370.8515625,74020.7578125,59108.91796875,63807.69140625,NONE,0,0,ASCENDING,1,30.0,DOUBLE_BOTTOM,60898.89,62133.46,37,False,0,NONE,NONE,0,NONE,0,0,64055.36,64067.58,63938.89,64067.58,,,,,,,,,"1H structure: BULLISH (HH_HL) | 1H momentum: BULLISH (27) | Channel: ASCENDING | Position: 100% | DOUBLE_BOTTOM at $60,898.89 | Neckline: $62,133.46 (37%) | Bearish Breaker Block $64,055.36-$64,067.58 (broke at $63,938.89) | Bullish Breaker Block $63,938.89-$64,067.58 (broke at $64,160.13) | Daily supply: $73370.85-$74020.76 | Daily demand: $59108.92-$63807.69 | Bullish confirmation candle: BULLISH_MARUBOZU",Price approaching demand $63962.65-$64007.23 ($1659 away) | Wait for sell-side liquidity sweep | Wait for bullish BOS/CHOCH on 5m,OFF_HOURS
2026-06-17 11:16:50,GOLD,4347.7,WATCH_NEUTRAL,NEUTRAL,0,False,4347.7,0,0,0,NEUTRAL,COMPRESSION,NEUTRAL,-2,NEUTRAL,-9,4356.39990234375,4369.7998046875,4349.10009765625,4354.0,4447.39990234375,4509.89990234375,4100.0,4200.0,V_TOP,83,4376.5,ASCENDING,0,0.0,DOUBLE_TOP,4376.5,4352.6,100,True,1,BULLISH,NONE,0,NONE,0,0,4235.0,4246.8,4231.6,4247.0,,,,,,,,,"1H structure: NEUTRAL (COMPRESSION) | V-Reversal: V_TOP at $4376.50 (83%) | Channel: ASCENDING | Position: 0% | DOUBLE_TOP at $4,376.50 | Neckline: $4,352.60 (100%) | Inside Bar x1 (BULLISH) | Break above $4,352.70 or below $4,346.80 | Bearish Breaker Block $4,235.00-$4,246.80 (broke at $4,231.60) | Bullish Breaker Block $4,231.60-$4,247.00 (broke at $4,247.90) | Daily supply: $4447.40-$4509.90 | Daily demand: $4100.00-$4200.00",1H structure NEUTRAL — wait for clear HH/HL or LH/LL,OFF_HOURS
2026-06-17 11:17:07,BTC,65666.18,WATCH_BUY,BULLISH,25,False,65666.18,63940.36,64905.35,0.44,BULLISH,HH_HL,BULLISH,27,STRONG_BULLISH,49,64066.78125,64905.3515625,63962.6484375,64007.23046875,73370.8515625,74020.7578125,59108.91796875,63807.69140625,NONE,0,0,ASCENDING,1,30.0,DOUBLE_BOTTOM,60898.89,62133.46,37,False,0,NONE,NONE,0,NONE,0,0,64055.36,64067.58,63938.89,64067.58,,,,,,,,,"1H structure: BULLISH (HH_HL) | 1H momentum: BULLISH (27) | Channel: ASCENDING | Position: 100% | DOUBLE_BOTTOM at $60,898.89 | Neckline: $62,133.46 (37%) | Bearish Breaker Block $64,055.36-$64,067.58 (broke at $63,938.89) | Bullish Breaker Block $63,938.89-$64,067.58 (broke at $64,160.13) | Daily supply: $73370.85-$74020.76 | Daily demand: $59108.92-$63807.69 | Bullish confirmation candle: BULLISH_MARUBOZU",Price approaching demand $63962.65-$64007.23 ($1659 away) | Wait for sell-side liquidity sweep | Wait for bullish BOS/CHOCH on 5m,OFF_HOURS
2026-06-17 11:17:13,BTC,65666.18,WATCH_BUY,BULLISH,25,False,65666.18,63940.36,64905.35,0.44,BULLISH,HH_HL,BULLISH,27,STRONG_BULLISH,49,64066.78125,64905.3515625,63962.6484375,64007.23046875,73370.8515625,74020.7578125,59108.91796875,63807.69140625,NONE,0,0,ASCENDING,1,30.0,DOUBLE_BOTTOM,60898.89,62133.46,37,False,0,NONE,NONE,0,NONE,0,0,64055.36,64067.58,63938.89,64067.58,,,,,,,,,"1H structure: BULLISH (HH_HL) | 1H momentum: BULLISH (27) | Channel: ASCENDING | Position: 100% | DOUBLE_BOTTOM at $60,898.89 | Neckline: $62,133.46 (37%) | Bearish Breaker Block $64,055.36-$64,067.58 (broke at $63,938.89) | Bullish Breaker Block $63,938.89-$64,067.58 (broke at $64,160.13) | Daily supply: $73370.85-$74020.76 | Daily demand: $59108.92-$63807.69 | Bullish confirmation candle: BULLISH_MARUBOZU",Price approaching demand $63962.65-$64007.23 ($1659 away) | Wait for sell-side liquidity sweep | Wait for bullish BOS/CHOCH on 5m,OFF_HOURS
2026-06-17 11:17:31,GOLD,4348.2,WATCH_NEUTRAL,NEUTRAL,0,False,4348.2,0,0,0,NEUTRAL,COMPRESSION,NEUTRAL,-1,NEUTRAL,-7,4356.39990234375,4369.7998046875,4349.10009765625,4354.0,4447.39990234375,4509.89990234375,4100.0,4200.0,V_BOTTOM,75,4333.7,ASCENDING,0,0.0,DOUBLE_TOP,4376.5,4352.6,100,True,1,BULLISH,NONE,0,NONE,0,0,4235.0,4246.8,4231.6,4247.0,,,,,,,,,"1H structure: NEUTRAL (COMPRESSION) | V-Reversal: V_BOTTOM at $4333.70 (75%) | Channel: ASCENDING | Position: 0% | DOUBLE_TOP at $4,376.50 | Neckline: $4,352.60 (100%) | Inside Bar x1 (BULLISH) | Break above $4,352.70 or below $4,346.80 | Bearish Breaker Block $4,235.00-$4,246.80 (broke at $4,231.60) | Bullish Breaker Block $4,231.60-$4,247.00 (broke at $4,247.90) | Daily supply: $4447.40-$4509.90 | Daily demand: $4100.00-$4200.00",1H structure NEUTRAL — wait for clear HH/HL or LH/LL,OFF_HOURS
2026-06-17 11:17:53,GOLD,4348.2,WATCH_NEUTRAL,NEUTRAL,0,False,4348.2,0,0,0,NEUTRAL,COMPRESSION,NEUTRAL,-1,NEUTRAL,-7,4356.39990234375,4369.7998046875,4349.10009765625,4354.0,4447.39990234375,4509.89990234375,4100.0,4200.0,V_BOTTOM,75,4333.7,ASCENDING,0,0.0,DOUBLE_TOP,4376.5,4352.6,100,True,1,BULLISH,NONE,0,NONE,0,0,4235.0,4246.8,4231.6,4247.0,,,,,,,,,"1H structure: NEUTRAL (COMPRESSION) | V-Reversal: V_BOTTOM at $4333.70 (75%) | Channel: ASCENDING | Position: 0% | DOUBLE_TOP at $4,376.50 | Neckline: $4,352.60 (100%) | Inside Bar x1 (BULLISH) | Break above $4,352.70 or below $4,346.80 | Bearish Breaker Block $4,235.00-$4,246.80 (broke at $4,231.60) | Bullish Breaker Block $4,231.60-$4,247.00 (broke at $4,247.90) | Daily supply: $4447.40-$4509.90 | Daily demand: $4100.00-$4200.00",1H structure NEUTRAL — wait for clear HH/HL or LH/LL,OFF_HOURS
2026-06-17 11:18:14,BTC,65666.18,WATCH_BUY,BULLISH,25,False,65666.18,63940.36,64905.35,0.44,BULLISH,HH_HL,BULLISH,27,STRONG_BULLISH,49,64066.78125,64905.3515625,63962.6484375,64007.23046875,73370.8515625,74020.7578125,59108.91796875,63807.69140625,NONE,0,0,ASCENDING,1,30.0,DOUBLE_BOTTOM,60898.89,62133.46,37,False,0,NONE,NONE,0,NONE,0,0,64055.36,64067.58,63938.89,64067.58,,,,,,,,,"1H structure: BULLISH (HH_HL) | 1H momentum: BULLISH (27) | Channel: ASCENDING | Position: 100% | DOUBLE_BOTTOM at $60,898.89 | Neckline: $62,133.46 (37%) | Bearish Breaker Block $64,055.36-$64,067.58 (broke at $63,938.89) | Bullish Breaker Block $63,938.89-$64,067.58 (broke at $64,160.13) | Daily supply: $73370.85-$74020.76 | Daily demand: $59108.92-$63807.69 | Bullish confirmation candle: BULLISH_MARUBOZU",Price approaching demand $63962.65-$64007.23 ($1659 away) | Wait for sell-side liquidity sweep | Wait for bullish BOS/CHOCH on 5m,OFF_HOURS
2026-06-17 11:18:21,BTC,65666.18,WATCH_BUY,BULLISH,25,False,65666.18,63940.36,64905.35,0.44,BULLISH,HH_HL,BULLISH,27,STRONG_BULLISH,49,64066.78125,64905.3515625,63962.6484375,64007.23046875,73370.8515625,74020.7578125,59108.91796875,63807.69140625,NONE,0,0,ASCENDING,1,30.0,DOUBLE_BOTTOM,60898.89,62133.46,37,False,0,NONE,NONE,0,NONE,0,0,64055.36,64067.58,63938.89,64067.58,,,,,,,,,"1H structure: BULLISH (HH_HL) | 1H momentum: BULLISH (27) | Channel: ASCENDING | Position: 100% | DOUBLE_BOTTOM at $60,898.89 | Neckline: $62,133.46 (37%) | Bearish Breaker Block $64,055.36-$64,067.58 (broke at $63,938.89) | Bullish Breaker Block $63,938.89-$64,067.58 (broke at $64,160.13) | Daily supply: $73370.85-$74020.76 | Daily demand: $59108.92-$63807.69 | Bullish confirmation candle: BULLISH_MARUBOZU",Price approaching demand $63962.65-$64007.23 ($1659 away) | Wait for sell-side liquidity sweep | Wait for bullish BOS/CHOCH on 5m,OFF_HOURS
2026-06-17 11:18:35,GOLD,4349.1,WATCH_NEUTRAL,NEUTRAL,0,False,4349.1,0,0,0,NEUTRAL,COMPRESSION,NEUTRAL,-1,NEUTRAL,-4,4356.39990234375,4369.7998046875,4349.10009765625,4354.0,4447.39990234375,4509.89990234375,4100.0,4200.0,V_BOTTOM,75,4333.7,ASCENDING,0,0.0,DOUBLE_TOP,4376.5,4352.6,100,True,1,BULLISH,NONE,0,NONE,0,0,4235.0,4246.8,4231.6,4247.0,,,,,,,,,"1H structure: NEUTRAL (COMPRESSION) | V-Reversal: V_BOTTOM at $4333.70 (75%) | Channel: ASCENDING | Position: 0% | DOUBLE_TOP at $4,376.50 | Neckline: $4,352.60 (100%) | Inside Bar x1 (BULLISH) | Break above $4,352.70 or below $4,346.80 | Bearish Breaker Block $4,235.00-$4,246.80 (broke at $4,231.60) | Bullish Breaker Block $4,231.60-$4,247.00 (broke at $4,247.90) | Daily supply: $4447.40-$4509.90 | Daily demand: $4100.00-$4200.00",1H structure NEUTRAL — wait for clear HH/HL or LH/LL,OFF_HOURS
2026-06-17 11:18:56,GOLD,4349.1,WATCH_NEUTRAL,NEUTRAL,0,False,4349.1,0,0,0,NEUTRAL,COMPRESSION,NEUTRAL,-1,NEUTRAL,-4,4356.39990234375,4369.7998046875,4349.10009765625,4354.0,4447.39990234375,4509.89990234375,4100.0,4200.0,V_BOTTOM,75,4333.7,ASCENDING,0,0.0,DOUBLE_TOP,4376.5,4352.6,100,True,1,BULLISH,NONE,0,NONE,0,0,4235.0,4246.8,4231.6,4247.0,,,,,,,,,"1H structure: NEUTRAL (COMPRESSION) | V-Reversal: V_BOTTOM at $4333.70 (75%) | Channel: ASCENDING | Position: 0% | DOUBLE_TOP at $4,376.50 | Neckline: $4,352.60 (100%) | Inside Bar x1 (BULLISH) | Break above $4,352.70 or below $4,346.80 | Bearish Breaker Block $4,235.00-$4,246.80 (broke at $4,231.60) | Bullish Breaker Block $4,231.60-$4,247.00 (broke at $4,247.90) | Daily supply: $4447.40-$4509.90 | Daily demand: $4100.00-$4200.00",1H structure NEUTRAL — wait for clear HH/HL or LH/LL,OFF_HOURS
2026-06-17 11:19:23,BTC,65666.18,WATCH_BUY,BULLISH,25,False,65666.18,63940.36,64905.35,0.44,BULLISH,HH_HL,BULLISH,27,STRONG_BULLISH,49,64066.78125,64905.3515625,63962.6484375,64007.23046875,73370.8515625,74020.7578125,59108.91796875,63807.69140625,NONE,0,0,ASCENDING,1,30.0,DOUBLE_BOTTOM,60898.89,62133.46,37,False,0,NONE,NONE,0,NONE,0,0,64055.36,64067.58,63938.89,64067.58,,,,,,,,,"1H structure: BULLISH (HH_HL) | 1H momentum: BULLISH (27) | Channel: ASCENDING | Position: 100% | DOUBLE_BOTTOM at $60,898.89 | Neckline: $62,133.46 (37%) | Bearish Breaker Block $64,055.36-$64,067.58 (broke at $63,938.89) | Bullish Breaker Block $63,938.89-$64,067.58 (broke at $64,160.13) | Daily supply: $73370.85-$74020.76 | Daily demand: $59108.92-$63807.69 | Bullish confirmation candle: BULLISH_MARUBOZU",Price approaching demand $63962.65-$64007.23 ($1659 away) | Wait for sell-side liquidity sweep | Wait for bullish BOS/CHOCH on 5m,OFF_HOURS
2026-06-17 11:19:32,BTC,65666.18,WATCH_BUY,BULLISH,25,False,65666.18,63940.36,64905.35,0.44,BULLISH,HH_HL,BULLISH,27,STRONG_BULLISH,49,64066.78125,64905.3515625,63962.6484375,64007.23046875,73370.8515625,74020.7578125,59108.91796875,63807.69140625,NONE,0,0,ASCENDING,1,30.0,DOUBLE_BOTTOM,60898.89,62133.46,37,False,0,NONE,NONE,0,NONE,0,0,64055.36,64067.58,63938.89,64067.58,,,,,,,,,"1H structure: BULLISH (HH_HL) | 1H momentum: BULLISH (27) | Channel: ASCENDING | Position: 100% | DOUBLE_BOTTOM at $60,898.89 | Neckline: $62,133.46 (37%) | Bearish Breaker Block $64,055.36-$64,067.58 (broke at $63,938.89) | Bullish Breaker Block $63,938.89-$64,067.58 (broke at $64,160.13) | Daily supply: $73370.85-$74020.76 | Daily demand: $59108.92-$63807.69 | Bullish confirmation candle: BULLISH_MARUBOZU",Price approaching demand $63962.65-$64007.23 ($1659 away) | Wait for sell-side liquidity sweep | Wait for bullish BOS/CHOCH on 5m,OFF_HOURS
2026-06-17 11:19:39,GOLD,4348.1,WATCH_NEUTRAL,NEUTRAL,0,False,4348.1,0,0,0,NEUTRAL,COMPRESSION,NEUTRAL,-1,NEUTRAL,-8,4356.39990234375,4369.7998046875,4349.10009765625,4354.0,4447.39990234375,4509.89990234375,4100.0,4200.0,V_BOTTOM,75,4333.7,ASCENDING,0,0.0,DOUBLE_TOP,4376.5,4352.6,100,True,1,BULLISH,NONE,0,NONE,0,0,4235.0,4246.8,4231.6,4247.0,,,,,,,,,"1H structure: NEUTRAL (COMPRESSION) | V-Reversal: V_BOTTOM at $4333.70 (75%) | Channel: ASCENDING | Position: 0% | DOUBLE_TOP at $4,376.50 | Neckline: $4,352.60 (100%) | Inside Bar x1 (BULLISH) | Break above $4,352.70 or below $4,346.80 | Bearish Breaker Block $4,235.00-$4,246.80 (broke at $4,231.60) | Bullish Breaker Block $4,231.60-$4,247.00 (broke at $4,247.90) | Daily supply: $4447.40-$4509.90 | Daily demand: $4100.00-$4200.00",1H structure NEUTRAL — wait for clear HH/HL or LH/LL,OFF_HOURS
2026-06-17 11:20:00,GOLD,4348.1,WATCH_NEUTRAL,NEUTRAL,0,False,4348.1,0,0,0,NEUTRAL,COMPRESSION,NEUTRAL,-1,NEUTRAL,-8,4356.39990234375,4369.7998046875,4349.10009765625,4354.0,4447.39990234375,4509.89990234375,4100.0,4200.0,V_BOTTOM,75,4333.7,ASCENDING,0,0.0,DOUBLE_TOP,4376.5,4352.6,100,True,1,BULLISH,NONE,0,NONE,0,0,4235.0,4246.8,4231.6,4247.0,,,,,,,,,"1H structure: NEUTRAL (COMPRESSION) | V-Reversal: V_BOTTOM at $4333.70 (75%) | Channel: ASCENDING | Position: 0% | DOUBLE_TOP at $4,376.50 | Neckline: $4,352.60 (100%) | Inside Bar x1 (BULLISH) | Break above $4,352.70 or below $4,346.80 | Bearish Breaker Block $4,235.00-$4,246.80 (broke at $4,231.60) | Bullish Breaker Block $4,231.60-$4,247.00 (broke at $4,247.90) | Daily supply: $4447.40-$4509.90 | Daily demand: $4100.00-$4200.00",1H structure NEUTRAL — wait for clear HH/HL or LH/LL,OFF_HOURS
2026-06-17 11:20:35,BTC,65666.18,WATCH_BUY,BULLISH,25,False,65666.18,63940.36,64905.35,0.44,BULLISH,HH_HL,BULLISH,27,STRONG_BULLISH,49,64066.78125,64905.3515625,63962.6484375,64007.23046875,73370.8515625,74020.7578125,59108.91796875,63807.69140625,NONE,0,0,ASCENDING,1,30.0,DOUBLE_BOTTOM,60898.89,62133.46,37,False,0,NONE,NONE,0,NONE,0,0,64055.36,64067.58,63938.89,64067.58,,,,,,,,,"1H structure: BULLISH (HH_HL) | 1H momentum: BULLISH (27) | Channel: ASCENDING | Position: 100% | DOUBLE_BOTTOM at $60,898.89 | Neckline: $62,133.46 (37%) | Bearish Breaker Block $64,055.36-$64,067.58 (broke at $63,938.89) | Bullish Breaker Block $63,938.89-$64,067.58 (broke at $64,160.13) | Daily supply: $73370.85-$74020.76 | Daily demand: $59108.92-$63807.69 | Bullish confirmation candle: BULLISH_MARUBOZU",Price approaching demand $63962.65-$64007.23 ($1659 away) | Wait for sell-side liquidity sweep | Wait for bullish BOS/CHOCH on 5m,OFF_HOURS
2026-06-17 11:20:41,BTC,65666.18,WATCH_BUY,BULLISH,25,False,65666.18,63940.36,64905.35,0.44,BULLISH,HH_HL,BULLISH,27,STRONG_BULLISH,49,64066.78125,64905.3515625,63962.6484375,64007.23046875,73370.8515625,74020.7578125,59108.91796875,63807.69140625,NONE,0,0,ASCENDING,1,30.0,DOUBLE_BOTTOM,60898.89,62133.46,37,False,0,NONE,NONE,0,NONE,0,0,64055.36,64067.58,63938.89,64067.58,,,,,,,,,"1H structure: BULLISH (HH_HL) | 1H momentum: BULLISH (27) | Channel: ASCENDING | Position: 100% | DOUBLE_BOTTOM at $60,898.89 | Neckline: $62,133.46 (37%) | Bearish Breaker Block $64,055.36-$64,067.58 (broke at $63,938.89) | Bullish Breaker Block $63,938.89-$64,067.58 (broke at $64,160.13) | Daily supply: $73370.85-$74020.76 | Daily demand: $59108.92-$63807.69 | Bullish confirmation candle: BULLISH_MARUBOZU",Price approaching demand $63962.65-$64007.23 ($1659 away) | Wait for sell-side liquidity sweep | Wait for bullish BOS/CHOCH on 5m,OFF_HOURS
2026-06-17 11:20:43,GOLD,4348.1,WATCH_NEUTRAL,NEUTRAL,0,False,4348.1,0,0,0,NEUTRAL,COMPRESSION,NEUTRAL,-2,NEUTRAL,-8,4356.39990234375,4369.7998046875,4349.10009765625,4354.0,4447.39990234375,4509.89990234375,4100.0,4200.0,V_TOP,83,4376.5,ASCENDING,0,0.0,DOUBLE_TOP,4376.5,4352.6,100,True,1,BULLISH,NONE,0,NONE,0,0,4235.0,4246.8,4231.6,4247.0,,,,,,,,,"1H structure: NEUTRAL (COMPRESSION) | V-Reversal: V_TOP at $4376.50 (83%) | Channel: ASCENDING | Position: 0% | DOUBLE_TOP at $4,376.50 | Neckline: $4,352.60 (100%) | Inside Bar x1 (BULLISH) | Break above $4,352.70 or below $4,346.80 | Bearish Breaker Block $4,235.00-$4,246.80 (broke at $4,231.60) | Bullish Breaker Block $4,231.60-$4,247.00 (broke at $4,247.90) | Daily supply: $4447.40-$4509.90 | Daily demand: $4100.00-$4200.00",1H structure NEUTRAL — wait for clear HH/HL or LH/LL,OFF_HOURS
2026-06-17 11:21:06,GOLD,4348.1,WATCH_NEUTRAL,NEUTRAL,0,False,4348.1,0,0,0,NEUTRAL,COMPRESSION,NEUTRAL,-2,NEUTRAL,-8,4356.39990234375,4369.7998046875,4349.10009765625,4354.0,4447.39990234375,4509.89990234375,4100.0,4200.0,V_TOP,83,4376.5,ASCENDING,0,0.0,DOUBLE_TOP,4376.5,4352.6,100,True,1,BULLISH,NONE,0,NONE,0,0,4235.0,4246.8,4231.6,4247.0,,,,,,,,,"1H structure: NEUTRAL (COMPRESSION) | V-Reversal: V_TOP at $4376.50 (83%) | Channel: ASCENDING | Position: 0% | DOUBLE_TOP at $4,376.50 | Neckline: $4,352.60 (100%) | Inside Bar x1 (BULLISH) | Break above $4,352.70 or below $4,346.80 | Bearish Breaker Block $4,235.00-$4,246.80 (broke at $4,231.60) | Bullish Breaker Block $4,231.60-$4,247.00 (broke at $4,247.90) | Daily supply: $4447.40-$4509.90 | Daily demand: $4100.00-$4200.00",1H structure NEUTRAL — wait for clear HH/HL or LH/LL,OFF_HOURS
2026-06-17 11:21:47,BTC,65666.18,WATCH_BUY,BULLISH,25,False,65666.18,63940.36,64905.35,0.44,BULLISH,HH_HL,BULLISH,27,STRONG_BULLISH,49,64066.78125,64905.3515625,63962.6484375,64007.23046875,73370.8515625,74020.7578125,59108.91796875,63807.69140625,NONE,0,0,ASCENDING,1,30.0,DOUBLE_BOTTOM,60898.89,62133.46,37,False,0,NONE,NONE,0,NONE,0,0,64055.36,64067.58,63938.89,64067.58,,,,,,,,,"1H structure: BULLISH (HH_HL) | 1H momentum: BULLISH (27) | Channel: ASCENDING | Position: 100% | DOUBLE_BOTTOM at $60,898.89 | Neckline: $62,133.46 (37%) | Bearish Breaker Block $64,055.36-$64,067.58 (broke at $63,938.89) | Bullish Breaker Block $63,938.89-$64,067.58 (broke at $64,160.13) | Daily supply: $73370.85-$74020.76 | Daily demand: $59108.92-$63807.69 | Bullish confirmation candle: BULLISH_MARUBOZU",Price approaching demand $63962.65-$64007.23 ($1659 away) | Wait for sell-side liquidity sweep | Wait for bullish BOS/CHOCH on 5m,OFF_HOURS
2026-06-17 11:21:48,GOLD,4348.4,WATCH_NEUTRAL,NEUTRAL,0,False,4348.4,0,0,0,NEUTRAL,COMPRESSION,NEUTRAL,-1,NEUTRAL,12,4356.39990234375,4369.7998046875,4349.10009765625,4354.0,4447.39990234375,4509.89990234375,4100.0,4200.0,V_BOTTOM,75,4333.7,ASCENDING,0,0.0,DOUBLE_TOP,4376.5,4352.6,100,False,0,NONE,NONE,0,NONE,0,0,4235.0,4246.8,4231.6,4247.0,,,,,,,,,"1H structure: NEUTRAL (COMPRESSION) | V-Reversal: V_BOTTOM at $4333.70 (75%) | Channel: ASCENDING | Position: 0% | DOUBLE_TOP at $4,376.50 | Neckline: $4,352.60 (100%) | Bearish Breaker Block $4,235.00-$4,246.80 (broke at $4,231.60) | Bullish Breaker Block $4,231.60-$4,247.00 (broke at $4,247.90) | Daily supply: $4447.40-$4509.90 | Daily demand: $4100.00-$4200.00",1H structure NEUTRAL — wait for clear HH/HL or LH/LL,OFF_HOURS
2026-06-17 11:21:52,BTC,65666.18,WATCH_BUY,BULLISH,25,False,65666.18,63940.36,64905.35,0.44,BULLISH,HH_HL,BULLISH,27,STRONG_BULLISH,49,64066.78125,64905.3515625,63962.6484375,64007.23046875,73370.8515625,74020.7578125,59108.91796875,63807.69140625,NONE,0,0,ASCENDING,1,30.0,DOUBLE_BOTTOM,60898.89,62133.46,37,False,0,NONE,NONE,0,NONE,0,0,64055.36,64067.58,63938.89,64067.58,,,,,,,,,"1H structure: BULLISH (HH_HL) | 1H momentum: BULLISH (27) | Channel: ASCENDING | Position: 100% | DOUBLE_BOTTOM at $60,898.89 | Neckline: $62,133.46 (37%) | Bearish Breaker Block $64,055.36-$64,067.58 (broke at $63,938.89) | Bullish Breaker Block $63,938.89-$64,067.58 (broke at $64,160.13) | Daily supply: $73370.85-$74020.76 | Daily demand: $59108.92-$63807.69 | Bullish confirmation candle: BULLISH_MARUBOZU",Price approaching demand $63962.65-$64007.23 ($1659 away) | Wait for sell-side liquidity sweep | Wait for bullish BOS/CHOCH on 5m,OFF_HOURS
2026-06-17 11:22:12,GOLD,4348.1,WATCH_NEUTRAL,NEUTRAL,0,False,4348.1,0,0,0,NEUTRAL,COMPRESSION,NEUTRAL,-1,NEUTRAL,11,4356.39990234375,4369.7998046875,4349.10009765625,4354.0,4447.39990234375,4509.89990234375,4100.0,4200.0,V_BOTTOM,75,4333.7,ASCENDING,0,0.0,DOUBLE_TOP,4376.5,4352.6,100,False,0,NONE,NONE,0,NONE,0,0,4235.0,4246.8,4231.6,4247.0,,,,,,,,,"1H structure: NEUTRAL (COMPRESSION) | V-Reversal: V_BOTTOM at $4333.70 (75%) | Channel: ASCENDING | Position: 0% | DOUBLE_TOP at $4,376.50 | Neckline: $4,352.60 (100%) | Bearish Breaker Block $4,235.00-$4,246.80 (broke at $4,231.60) | Bullish Breaker Block $4,231.60-$4,247.00 (broke at $4,247.90) | Daily supply: $4447.40-$4509.90 | Daily demand: $4100.00-$4200.00",1H structure NEUTRAL — wait for clear HH/HL or LH/LL,OFF_HOURS
2026-06-17 11:22:52,GOLD,4348.1,WATCH_NEUTRAL,NEUTRAL,0,False,4348.1,0,0,0,NEUTRAL,COMPRESSION,NEUTRAL,-1,NEUTRAL,11,4356.39990234375,4369.7998046875,4349.10009765625,4354.0,4447.39990234375,4509.89990234375,4100.0,4200.0,V_BOTTOM,75,4333.7,ASCENDING,0,0.0,DOUBLE_TOP,4376.5,4352.6,100,False,0,NONE,NONE,0,NONE,0,0,4235.0,4246.8,4231.6,4247.0,,,,,,,,,"1H structure: NEUTRAL (COMPRESSION) | V-Reversal: V_BOTTOM at $4333.70 (75%) | Channel: ASCENDING | Position: 0% | DOUBLE_TOP at $4,376.50 | Neckline: $4,352.60 (100%) | Bearish Breaker Block $4,235.00-$4,246.80 (broke at $4,231.60) | Bullish Breaker Block $4,231.60-$4,247.00 (broke at $4,247.90) | Daily supply: $4447.40-$4509.90 | Daily demand: $4100.00-$4200.00",1H structure NEUTRAL — wait for clear HH/HL or LH/LL,OFF_HOURS
2026-06-17 11:22:56,BTC,65666.18,WATCH_BUY,BULLISH,25,False,65666.18,63940.36,64905.35,0.44,BULLISH,HH_HL,BULLISH,27,STRONG_BULLISH,49,64066.78125,64905.3515625,63962.6484375,64007.23046875,73370.8515625,74020.7578125,59108.91796875,63807.69140625,NONE,0,0,ASCENDING,1,30.0,DOUBLE_BOTTOM,60898.89,62133.46,37,False,0,NONE,NONE,0,NONE,0,0,64055.36,64067.58,63938.89,64067.58,,,,,,,,,"1H structure: BULLISH (HH_HL) | 1H momentum: BULLISH (27) | Channel: ASCENDING | Position: 100% | DOUBLE_BOTTOM at $60,898.89 | Neckline: $62,133.46 (37%) | Bearish Breaker Block $64,055.36-$64,067.58 (broke at $63,938.89) | Bullish Breaker Block $63,938.89-$64,067.58 (broke at $64,160.13) | Daily supply: $73370.85-$74020.76 | Daily demand: $59108.92-$63807.69 | Bullish confirmation candle: BULLISH_MARUBOZU",Price approaching demand $63962.65-$64007.23 ($1659 away) | Wait for sell-side liquidity sweep | Wait for bullish BOS/CHOCH on 5m,OFF_HOURS
2026-06-17 11:23:08,BTC,65666.18,WATCH_BUY,BULLISH,25,False,65666.18,63940.36,64905.35,0.44,BULLISH,HH_HL,BULLISH,27,STRONG_BULLISH,49,64066.78125,64905.3515625,63962.6484375,64007.23046875,73370.8515625,74020.7578125,59108.91796875,63807.69140625,NONE,0,0,ASCENDING,1,30.0,DOUBLE_BOTTOM,60898.89,62133.46,37,False,0,NONE,NONE,0,NONE,0,0,64055.36,64067.58,63938.89,64067.58,,,,,,,,,"1H structure: BULLISH (HH_HL) | 1H momentum: BULLISH (27) | Channel: ASCENDING | Position: 100% | DOUBLE_BOTTOM at $60,898.89 | Neckline: $62,133.46 (37%) | Bearish Breaker Block $64,055.36-$64,067.58 (broke at $63,938.89) | Bullish Breaker Block $63,938.89-$64,067.58 (broke at $64,160.13) | Daily supply: $73370.85-$74020.76 | Daily demand: $59108.92-$63807.69 | Bullish confirmation candle: BULLISH_MARUBOZU",Price approaching demand $63962.65-$64007.23 ($1659 away) | Wait for sell-side liquidity sweep | Wait for bullish BOS/CHOCH on 5m,OFF_HOURS
2026-06-17 11:23:17,GOLD,4349.1,WATCH_NEUTRAL,NEUTRAL,0,False,4349.1,0,0,0,NEUTRAL,COMPRESSION,NEUTRAL,-1,NEUTRAL,14,4356.39990234375,4369.7998046875,4349.10009765625,4354.0,4447.39990234375,4509.89990234375,4100.0,4200.0,V_BOTTOM,75,4333.7,ASCENDING,0,0.0,DOUBLE_TOP,4376.5,4352.6,100,False,0,NONE,NONE,0,NONE,0,0,4235.0,4246.8,4231.6,4247.0,,,,,,,,,"1H structure: NEUTRAL (COMPRESSION) | V-Reversal: V_BOTTOM at $4333.70 (75%) | Channel: ASCENDING | Position: 0% | DOUBLE_TOP at $4,376.50 | Neckline: $4,352.60 (100%) | Bearish Breaker Block $4,235.00-$4,246.80 (broke at $4,231.60) | Bullish Breaker Block $4,231.60-$4,247.00 (broke at $4,247.90) | Daily supply: $4447.40-$4509.90 | Daily demand: $4100.00-$4200.00",1H structure NEUTRAL — wait for clear HH/HL or LH/LL,OFF_HOURS
2026-06-17 11:23:58,GOLD,4349.1,WATCH_NEUTRAL,NEUTRAL,0,False,4349.1,0,0,0,NEUTRAL,COMPRESSION,NEUTRAL,-1,NEUTRAL,14,4356.39990234375,4369.7998046875,4349.10009765625,4354.0,4447.39990234375,4509.89990234375,4100.0,4200.0,V_BOTTOM,75,4333.7,ASCENDING,0,0.0,DOUBLE_TOP,4376.5,4352.6,100,False,0,NONE,NONE,0,NONE,0,0,4235.0,4246.8,4231.6,4247.0,,,,,,,,,"1H structure: NEUTRAL (COMPRESSION) | V-Reversal: V_BOTTOM at $4333.70 (75%) | Channel: ASCENDING | Position: 0% | DOUBLE_TOP at $4,376.50 | Neckline: $4,352.60 (100%) | Bearish Breaker Block $4,235.00-$4,246.80 (broke at $4,231.60) | Bullish Breaker Block $4,231.60-$4,247.00 (broke at $4,247.90) | Daily supply: $4447.40-$4509.90 | Daily demand: $4100.00-$4200.00",1H structure NEUTRAL — wait for clear HH/HL or LH/LL,OFF_HOURS
2026-06-17 11:24:08,BTC,65666.18,WATCH_BUY,BULLISH,25,False,65666.18,63940.36,64905.35,0.44,BULLISH,HH_HL,BULLISH,27,STRONG_BULLISH,49,64066.78125,64905.3515625,63962.6484375,64007.23046875,73370.8515625,74020.7578125,59108.91796875,63807.69140625,NONE,0,0,ASCENDING,1,30.0,DOUBLE_BOTTOM,60898.89,62133.46,37,False,0,NONE,NONE,0,NONE,0,0,64055.36,64067.58,63938.89,64067.58,,,,,,,,,"1H structure: BULLISH (HH_HL) | 1H momentum: BULLISH (27) | Channel: ASCENDING | Position: 100% | DOUBLE_BOTTOM at $60,898.89 | Neckline: $62,133.46 (37%) | Bearish Breaker Block $64,055.36-$64,067.58 (broke at $63,938.89) | Bullish Breaker Block $63,938.89-$64,067.58 (broke at $64,160.13) | Daily supply: $73370.85-$74020.76 | Daily demand: $59108.92-$63807.69 | Bullish confirmation candle: BULLISH_MARUBOZU",Price approaching demand $63962.65-$64007.23 ($1659 away) | Wait for sell-side liquidity sweep | Wait for bullish BOS/CHOCH on 5m,OFF_HOURS
2026-06-17 11:24:18,BTC,65666.18,WATCH_BUY,BULLISH,25,False,65666.18,63940.36,64905.35,0.44,BULLISH,HH_HL,BULLISH,27,STRONG_BULLISH,49,64066.78125,64905.3515625,63962.6484375,64007.23046875,73370.8515625,74020.7578125,59108.91796875,63807.69140625,NONE,0,0,ASCENDING,1,30.0,DOUBLE_BOTTOM,60898.89,62133.46,37,False,0,NONE,NONE,0,NONE,0,0,64055.36,64067.58,63938.89,64067.58,,,,,,,,,"1H structure: BULLISH (HH_HL) | 1H momentum: BULLISH (27) | Channel: ASCENDING | Position: 100% | DOUBLE_BOTTOM at $60,898.89 | Neckline: $62,133.46 (37%) | Bearish Breaker Block $64,055.36-$64,067.58 (broke at $63,938.89) | Bullish Breaker Block $63,938.89-$64,067.58 (broke at $64,160.13) | Daily supply: $73370.85-$74020.76 | Daily demand: $59108.92-$63807.69 | Bullish confirmation candle: BULLISH_MARUBOZU",Price approaching demand $63962.65-$64007.23 ($1659 away) | Wait for sell-side liquidity sweep | Wait for bullish BOS/CHOCH on 5m,OFF_HOURS
2026-06-17 11:24:26,GOLD,4349.5,WATCH_NEUTRAL,NEUTRAL,0,False,4349.5,0,0,0,NEUTRAL,COMPRESSION,NEUTRAL,-1,NEUTRAL,14,4356.39990234375,4369.7998046875,4349.10009765625,4354.0,4447.39990234375,4509.89990234375,4100.0,4200.0,V_BOTTOM,75,4333.7,ASCENDING,0,0.0,DOUBLE_TOP,4376.5,4352.6,100,False,0,NONE,NONE,0,NONE,0,0,4235.0,4246.8,4231.6,4247.0,,,,,,,,,"1H structure: NEUTRAL (COMPRESSION) | V-Reversal: V_BOTTOM at $4333.70 (75%) | Channel: ASCENDING | Position: 0% | DOUBLE_TOP at $4,376.50 | Neckline: $4,352.60 (100%) | Bearish Breaker Block $4,235.00-$4,246.80 (broke at $4,231.60) | Bullish Breaker Block $4,231.60-$4,247.00 (broke at $4,247.90) | Daily supply: $4447.40-$4509.90 | Daily demand: $4100.00-$4200.00",1H structure NEUTRAL — wait for clear HH/HL or LH/LL,OFF_HOURS
2026-06-17 11:25:03,GOLD,4349.5,WATCH_NEUTRAL,NEUTRAL,0,False,4349.5,0,0,0,NEUTRAL,COMPRESSION,NEUTRAL,-1,NEUTRAL,14,4356.39990234375,4369.7998046875,4349.10009765625,4354.0,4447.39990234375,4509.89990234375,4100.0,4200.0,V_BOTTOM,75,4333.7,ASCENDING,0,0.0,DOUBLE_TOP,4376.5,4352.6,100,False,0,NONE,NONE,0,NONE,0,0,4235.0,4246.8,4231.6,4247.0,,,,,,,,,"1H structure: NEUTRAL (COMPRESSION) | V-Reversal: V_BOTTOM at $4333.70 (75%) | Channel: ASCENDING | Position: 0% | DOUBLE_TOP at $4,376.50 | Neckline: $4,352.60 (100%) | Bearish Breaker Block $4,235.00-$4,246.80 (broke at $4,231.60) | Bullish Breaker Block $4,231.60-$4,247.00 (broke at $4,247.90) | Daily supply: $4447.40-$4509.90 | Daily demand: $4100.00-$4200.00",1H structure NEUTRAL — wait for clear HH/HL or LH/LL,OFF_HOURS
2026-06-17 11:25:16,BTC,65666.18,WATCH_BUY,BULLISH,25,False,65666.18,63940.36,64905.35,0.44,BULLISH,HH_HL,BULLISH,27,STRONG_BULLISH,49,64066.78125,64905.3515625,63962.6484375,64007.23046875,73370.8515625,74020.7578125,59108.91796875,63807.69140625,NONE,0,0,ASCENDING,1,30.0,DOUBLE_BOTTOM,60898.89,62133.46,37,False,0,NONE,NONE,0,NONE,0,0,64055.36,64067.58,63938.89,64067.58,,,,,,,,,"1H structure: BULLISH (HH_HL) | 1H momentum: BULLISH (27) | Channel: ASCENDING | Position: 100% | DOUBLE_BOTTOM at $60,898.89 | Neckline: $62,133.46 (37%) | Bearish Breaker Block $64,055.36-$64,067.58 (broke at $63,938.89) | Bullish Breaker Block $63,938.89-$64,067.58 (broke at $64,160.13) | Daily supply: $73370.85-$74020.76 | Daily demand: $59108.92-$63807.69 | Bullish confirmation candle: BULLISH_MARUBOZU",Price approaching demand $63962.65-$64007.23 ($1659 away) | Wait for sell-side liquidity sweep | Wait for bullish BOS/CHOCH on 5m,OFF_HOURS
2026-06-17 11:25:28,BTC,65666.18,WATCH_BUY,BULLISH,25,False,65666.18,63940.36,64905.35,0.44,BULLISH,HH_HL,BULLISH,27,STRONG_BULLISH,49,64066.78125,64905.3515625,63962.6484375,64007.23046875,73370.8515625,74020.7578125,59108.91796875,63807.69140625,NONE,0,0,ASCENDING,1,30.0,DOUBLE_BOTTOM,60898.89,62133.46,37,False,0,NONE,NONE,0,NONE,0,0,64055.36,64067.58,63938.89,64067.58,,,,,,,,,"1H structure: BULLISH (HH_HL) | 1H momentum: BULLISH (27) | Channel: ASCENDING | Position: 100% | DOUBLE_BOTTOM at $60,898.89 | Neckline: $62,133.46 (37%) | Bearish Breaker Block $64,055.36-$64,067.58 (broke at $63,938.89) | Bullish Breaker Block $63,938.89-$64,067.58 (broke at $64,160.13) | Daily supply: $73370.85-$74020.76 | Daily demand: $59108.92-$63807.69 | Bullish confirmation candle: BULLISH_MARUBOZU",Price approaching demand $63962.65-$64007.23 ($1659 away) | Wait for sell-side liquidity sweep | Wait for bullish BOS/CHOCH on 5m,OFF_HOURS
2026-06-17 11:25:29,GOLD,4349.5,WATCH_NEUTRAL,NEUTRAL,0,False,4349.5,0,0,0,NEUTRAL,COMPRESSION,NEUTRAL,-1,NEUTRAL,14,4356.39990234375,4369.7998046875,4349.10009765625,4354.0,4447.39990234375,4509.89990234375,4100.0,4200.0,V_BOTTOM,75,4333.7,ASCENDING,0,0.0,DOUBLE_TOP,4376.5,4352.6,100,False,0,NONE,NONE,0,NONE,0,0,4235.0,4246.8,4231.6,4247.0,,,,,,,,,"1H structure: NEUTRAL (COMPRESSION) | V-Reversal: V_BOTTOM at $4333.70 (75%) | Channel: ASCENDING | Position: 0% | DOUBLE_TOP at $4,376.50 | Neckline: $4,352.60 (100%) | Bearish Breaker Block $4,235.00-$4,246.80 (broke at $4,231.60) | Bullish Breaker Block $4,231.60-$4,247.00 (broke at $4,247.90) | Daily supply: $4447.40-$4509.90 | Daily demand: $4100.00-$4200.00",1H structure NEUTRAL — wait for clear HH/HL or LH/LL,OFF_HOURS
2026-06-17 11:26:07,GOLD,4348.9,WATCH_NEUTRAL,NEUTRAL,0,False,4348.9,0,0,0,NEUTRAL,COMPRESSION,NEUTRAL,0,BEARISH,-18,4356.39990234375,4369.7998046875,4349.10009765625,4354.0,4447.39990234375,4509.89990234375,4100.0,4200.0,V_BOTTOM,75,4333.7,ASCENDING,0,0.0,DOUBLE_TOP,4376.5,4352.6,100,False,0,NONE,NONE,0,NONE,0,0,4235.0,4246.8,4231.6,4247.0,,,,,,,,,"1H structure: NEUTRAL (COMPRESSION) | V-Reversal: V_BOTTOM at $4333.70 (75%) | Channel: ASCENDING | Position: 0% | DOUBLE_TOP at $4,376.50 | Neckline: $4,352.60 (100%) | Bearish Breaker Block $4,235.00-$4,246.80 (broke at $4,231.60) | Bullish Breaker Block $4,231.60-$4,247.00 (broke at $4,247.90) | Daily supply: $4447.40-$4509.90 | Daily demand: $4100.00-$4200.00",1H structure NEUTRAL — wait for clear HH/HL or LH/LL,OFF_HOURS
2026-06-17 11:26:26,BTC,65666.18,WATCH_BUY,BULLISH,25,False,65666.18,63940.36,64905.35,0.44,BULLISH,HH_HL,BULLISH,27,STRONG_BULLISH,49,64066.78125,64905.3515625,63962.6484375,64007.23046875,73370.8515625,74020.7578125,59108.91796875,63807.69140625,NONE,0,0,ASCENDING,1,30.0,DOUBLE_BOTTOM,60898.89,62133.46,37,False,0,NONE,NONE,0,NONE,0,0,64055.36,64067.58,63938.89,64067.58,,,,,,,,,"1H structure: BULLISH (HH_HL) | 1H momentum: BULLISH (27) | Channel: ASCENDING | Position: 100% | DOUBLE_BOTTOM at $60,898.89 | Neckline: $62,133.46 (37%) | Bearish Breaker Block $64,055.36-$64,067.58 (broke at $63,938.89) | Bullish Breaker Block $63,938.89-$64,067.58 (broke at $64,160.13) | Daily supply: $73370.85-$74020.76 | Daily demand: $59108.92-$63807.69 | Bullish confirmation candle: BULLISH_MARUBOZU",Price approaching demand $63962.65-$64007.23 ($1659 away) | Wait for sell-side liquidity sweep | Wait for bullish BOS/CHOCH on 5m,OFF_HOURS
2026-06-17 11:26:36,GOLD,4350.3,WATCH_NEUTRAL,NEUTRAL,0,False,4350.3,0,0,0,NEUTRAL,COMPRESSION,NEUTRAL,0,BULLISH,26,4356.39990234375,4369.7998046875,4349.10009765625,4354.0,4447.39990234375,4509.89990234375,4100.0,4200.0,V_BOTTOM,75,4333.7,ASCENDING,0,0.0,DOUBLE_TOP,4376.5,4352.6,100,False,0,NONE,NONE,0,NONE,0,0,4235.0,4246.8,4231.6,4247.0,,,,,,,,,"1H structure: NEUTRAL (COMPRESSION) | V-Reversal: V_BOTTOM at $4333.70 (75%) | Channel: ASCENDING | Position: 0% | DOUBLE_TOP at $4,376.50 | Neckline: $4,352.60 (100%) | Bearish Breaker Block $4,235.00-$4,246.80 (broke at $4,231.60) | Bullish Breaker Block $4,231.60-$4,247.00 (broke at $4,247.90) | Daily supply: $4447.40-$4509.90 | Daily demand: $4100.00-$4200.00",1H structure NEUTRAL — wait for clear HH/HL or LH/LL,OFF_HOURS
2026-06-17 11:26:37,BTC,65666.18,WATCH_BUY,BULLISH,25,False,65666.18,63940.36,64905.35,0.44,BULLISH,HH_HL,BULLISH,27,STRONG_BULLISH,49,64066.78125,64905.3515625,63962.6484375,64007.23046875,73370.8515625,74020.7578125,59108.91796875,63807.69140625,NONE,0,0,ASCENDING,1,30.0,DOUBLE_BOTTOM,60898.89,62133.46,37,False,0,NONE,NONE,0,NONE,0,0,64055.36,64067.58,63938.89,64067.58,,,,,,,,,"1H structure: BULLISH (HH_HL) | 1H momentum: BULLISH (27) | Channel: ASCENDING | Position: 100% | DOUBLE_BOTTOM at $60,898.89 | Neckline: $62,133.46 (37%) | Bearish Breaker Block $64,055.36-$64,067.58 (broke at $63,938.89) | Bullish Breaker Block $63,938.89-$64,067.58 (broke at $64,160.13) | Daily supply: $73370.85-$74020.76 | Daily demand: $59108.92-$63807.69 | Bullish confirmation candle: BULLISH_MARUBOZU",Price approaching demand $63962.65-$64007.23 ($1659 away) | Wait for sell-side liquidity sweep | Wait for bullish BOS/CHOCH on 5m,OFF_HOURS
2026-06-17 11:27:10,GOLD,4350.3,WATCH_NEUTRAL,NEUTRAL,0,False,4350.3,0,0,0,NEUTRAL,COMPRESSION,NEUTRAL,0,BULLISH,26,4356.39990234375,4369.7998046875,4349.10009765625,4354.0,4447.39990234375,4509.89990234375,4100.0,4200.0,V_BOTTOM,75,4333.7,ASCENDING,0,0.0,DOUBLE_TOP,4376.5,4352.6,100,False,0,NONE,NONE,0,NONE,0,0,4235.0,4246.8,4231.6,4247.0,,,,,,,,,"1H structure: NEUTRAL (COMPRESSION) | V-Reversal: V_BOTTOM at $4333.70 (75%) | Channel: ASCENDING | Position: 0% | DOUBLE_TOP at $4,376.50 | Neckline: $4,352.60 (100%) | Bearish Breaker Block $4,235.00-$4,246.80 (broke at $4,231.60) | Bullish Breaker Block $4,231.60-$4,247.00 (broke at $4,247.90) | Daily supply: $4447.40-$4509.90 | Daily demand: $4100.00-$4200.00",1H structure NEUTRAL — wait for clear HH/HL or LH/LL,OFF_HOURS
2026-06-17 11:27:34,BTC,65666.18,WATCH_BUY,BULLISH,25,False,65666.18,63940.36,64905.35,0.44,BULLISH,HH_HL,BULLISH,27,STRONG_BULLISH,49,64066.78125,64905.3515625,63962.6484375,64007.23046875,73370.8515625,74020.7578125,59108.91796875,63807.69140625,NONE,0,0,ASCENDING,1,30.0,DOUBLE_BOTTOM,60898.89,62133.46,37,False,0,NONE,NONE,0,NONE,0,0,64055.36,64067.58,63938.89,64067.58,,,,,,,,,"1H structure: BULLISH (HH_HL) | 1H momentum: BULLISH (27) | Channel: ASCENDING | Position: 100% | DOUBLE_BOTTOM at $60,898.89 | Neckline: $62,133.46 (37%) | Bearish Breaker Block $64,055.36-$64,067.58 (broke at $63,938.89) | Bullish Breaker Block $63,938.89-$64,067.58 (broke at $64,160.13) | Daily supply: $73370.85-$74020.76 | Daily demand: $59108.92-$63807.69 | Bullish confirmation candle: BULLISH_MARUBOZU",Price approaching demand $63962.65-$64007.23 ($1659 away) | Wait for sell-side liquidity sweep | Wait for bullish BOS/CHOCH on 5m,OFF_HOURS
2026-06-17 11:27:39,GOLD,4351.8,WATCH_NEUTRAL,NEUTRAL,0,False,4351.8,0,0,0,NEUTRAL,COMPRESSION,NEUTRAL,1,BULLISH,28,4356.39990234375,4369.7998046875,4349.10009765625,4354.0,4447.39990234375,4509.89990234375,4100.0,4200.0,V_BOTTOM,75,4333.7,ASCENDING,0,0.0,DOUBLE_TOP,4376.5,4352.6,100,False,0,NONE,NONE,0,NONE,0,0,4235.0,4246.8,4231.6,4247.0,,,,,,,,,"1H structure: NEUTRAL (COMPRESSION) | V-Reversal: V_BOTTOM at $4333.70 (75%) | Channel: ASCENDING | Position: 0% | DOUBLE_TOP at $4,376.50 | Neckline: $4,352.60 (100%) | Bearish Breaker Block $4,235.00-$4,246.80 (broke at $4,231.60) | Bullish Breaker Block $4,231.60-$4,247.00 (broke at $4,247.90) | Daily supply: $4447.40-$4509.90 | Daily demand: $4100.00-$4200.00",1H structure NEUTRAL — wait for clear HH/HL or LH/LL,OFF_HOURS
2026-06-17 11:27:45,BTC,65666.18,WATCH_BUY,BULLISH,25,False,65666.18,63940.36,64905.35,0.44,BULLISH,HH_HL,BULLISH,27,STRONG_BULLISH,49,64066.78125,64905.3515625,63962.6484375,64007.23046875,73370.8515625,74020.7578125,59108.91796875,63807.69140625,NONE,0,0,ASCENDING,1,30.0,DOUBLE_BOTTOM,60898.89,62133.46,37,False,0,NONE,NONE,0,NONE,0,0,64055.36,64067.58,63938.89,64067.58,,,,,,,,,"1H structure: BULLISH (HH_HL) | 1H momentum: BULLISH (27) | Channel: ASCENDING | Position: 100% | DOUBLE_BOTTOM at $60,898.89 | Neckline: $62,133.46 (37%) | Bearish Breaker Block $64,055.36-$64,067.58 (broke at $63,938.89) | Bullish Breaker Block $63,938.89-$64,067.58 (broke at $64,160.13) | Daily supply: $73370.85-$74020.76 | Daily demand: $59108.92-$63807.69 | Bullish confirmation candle: BULLISH_MARUBOZU",Price approaching demand $63962.65-$64007.23 ($1659 away) | Wait for sell-side liquidity sweep | Wait for bullish BOS/CHOCH on 5m,OFF_HOURS
2026-06-17 11:28:08,BTC,64007.23,WATCH_BUY,BULLISH,25,False,64007.23,63940.36,64905.35,13.43,BULLISH,HH_HL,BULLISH,27,STRONG_BULLISH,49,64066.78125,64905.3515625,63962.6484375,64007.23046875,73370.8515625,74020.7578125,59108.91796875,63807.69140625,NONE,0,0,ASCENDING,1,30.0,DOUBLE_BOTTOM,60898.89,62133.46,37,False,0,NONE,NONE,0,NONE,0,0,64055.36,64067.58,63938.89,64067.58,,,,,,,,,"1H structure: BULLISH (HH_HL) | 1H momentum: BULLISH (27) | Channel: ASCENDING | Position: 100% | DOUBLE_BOTTOM at $60,898.89 | Neckline: $62,133.46 (37%) | Bearish Breaker Block $64,055.36-$64,067.58 (broke at $63,938.89) | Bullish Breaker Block $63,938.89-$64,067.58 (broke at $64,160.13) | Daily supply: $73370.85-$74020.76 | Daily demand: $59108.92-$63807.69 | Bullish confirmation candle: BULLISH_MARUBOZU",Price approaching demand $63962.65-$64007.23 ($1659 away) | Wait for sell-side liquidity sweep | Wait for bullish BOS/CHOCH on 5m,OFF_HOURS
2026-06-17 11:28:14,GOLD,4352.0,WATCH_NEUTRAL,NEUTRAL,0,False,4352.0,0,0,0,NEUTRAL,COMPRESSION,NEUTRAL,1,BULLISH,27,4356.39990234375,4369.7998046875,4349.10009765625,4354.0,4447.39990234375,4509.89990234375,4100.0,4200.0,V_BOTTOM,75,4333.7,ASCENDING,0,0.0,DOUBLE_TOP,4376.5,4352.6,100,False,0,NONE,NONE,0,NONE,0,0,4235.0,4246.8,4231.6,4247.0,,,,,,,,,"1H structure: NEUTRAL (COMPRESSION) | V-Reversal: V_BOTTOM at $4333.70 (75%) | Channel: ASCENDING | Position: 0% | DOUBLE_TOP at $4,376.50 | Neckline: $4,352.60 (100%) | Bearish Breaker Block $4,235.00-$4,246.80 (broke at $4,231.60) | Bullish Breaker Block $4,231.60-$4,247.00 (broke at $4,247.90) | Daily supply: $4447.40-$4509.90 | Daily demand: $4100.00-$4200.00",1H structure NEUTRAL — wait for clear HH/HL or LH/LL,OFF_HOURS
2026-06-17 11:28:33,GOLD,4352.0,WATCH_NEUTRAL,NEUTRAL,0,False,4352.0,0,0,0,NEUTRAL,COMPRESSION,NEUTRAL,1,BULLISH,27,4356.39990234375,4369.7998046875,4349.10009765625,4354.0,4447.39990234375,4509.89990234375,4100.0,4200.0,V_BOTTOM,75,4333.7,ASCENDING,0,0.0,DOUBLE_TOP,4376.5,4352.6,100,False,0,NONE,NONE,0,NONE,0,0,4235.0,4246.8,4231.6,4247.0,,,,,,,,,"1H structure: NEUTRAL (COMPRESSION) | V-Reversal: V_BOTTOM at $4333.70 (75%) | Channel: ASCENDING | Position: 0% | DOUBLE_TOP at $4,376.50 | Neckline: $4,352.60 (100%) | Bearish Breaker Block $4,235.00-$4,246.80 (broke at $4,231.60) | Bullish Breaker Block $4,231.60-$4,247.00 (broke at $4,247.90) | Daily supply: $4447.40-$4509.90 | Daily demand: $4100.00-$4200.00",1H structure NEUTRAL — wait for clear HH/HL or LH/LL,OFF_HOURS
2026-06-17 11:28:42,BTC,65666.18,WATCH_BUY,BULLISH,25,False,65666.18,63940.36,64905.35,0.44,BULLISH,HH_HL,BULLISH,27,STRONG_BULLISH,49,64066.78125,64905.3515625,63962.6484375,64007.23046875,73370.8515625,74020.7578125,59108.91796875,63807.69140625,NONE,0,0,ASCENDING,1,30.0,DOUBLE_BOTTOM,60898.89,62133.46,37,False,0,NONE,NONE,0,NONE,0,0,64055.36,64067.58,63938.89,64067.58,,,,,,,,,"1H structure: BULLISH (HH_HL) | 1H momentum: BULLISH (27) | Channel: ASCENDING | Position: 100% | DOUBLE_BOTTOM at $60,898.89 | Neckline: $62,133.46 (37%) | Bearish Breaker Block $64,055.36-$64,067.58 (broke at $63,938.89) | Bullish Breaker Block $63,938.89-$64,067.58 (broke at $64,160.13) | Daily supply: $73370.85-$74020.76 | Daily demand: $59108.92-$63807.69 | Bullish confirmation candle: BULLISH_MARUBOZU",Price approaching demand $63962.65-$64007.23 ($1659 away) | Wait for sell-side liquidity sweep | Wait for bullish BOS/CHOCH on 5m,OFF_HOURS
2026-06-17 11:28:42,GOLD,4352.0,WATCH_NEUTRAL,NEUTRAL,0,False,4352.0,0,0,0,NEUTRAL,COMPRESSION,NEUTRAL,1,BULLISH,27,4356.39990234375,4369.7998046875,4349.10009765625,4354.0,4447.39990234375,4509.89990234375,4100.0,4200.0,V_BOTTOM,75,4333.7,ASCENDING,0,0.0,DOUBLE_TOP,4376.5,4352.6,100,False,0,NONE,NONE,0,NONE,0,0,4235.0,4246.8,4231.6,4247.0,,,,,,,,,"1H structure: NEUTRAL (COMPRESSION) | V-Reversal: V_BOTTOM at $4333.70 (75%) | Channel: ASCENDING | Position: 0% | DOUBLE_TOP at $4,376.50 | Neckline: $4,352.60 (100%) | Bearish Breaker Block $4,235.00-$4,246.80 (broke at $4,231.60) | Bullish Breaker Block $4,231.60-$4,247.00 (broke at $4,247.90) | Daily supply: $4447.40-$4509.90 | Daily demand: $4100.00-$4200.00",1H structure NEUTRAL — wait for clear HH/HL or LH/LL,OFF_HOURS
2026-06-17 11:28:52,BTC,65666.18,WATCH_BUY,BULLISH,25,False,65666.18,63940.36,64905.35,0.44,BULLISH,HH_HL,BULLISH,27,STRONG_BULLISH,49,64066.78125,64905.3515625,63962.6484375,64007.23046875,73370.8515625,74020.7578125,59108.91796875,63807.69140625,NONE,0,0,ASCENDING,1,30.0,DOUBLE_BOTTOM,60898.89,62133.46,37,False,0,NONE,NONE,0,NONE,0,0,64055.36,64067.58,63938.89,64067.58,,,,,,,,,"1H structure: BULLISH (HH_HL) | 1H momentum: BULLISH (27) | Channel: ASCENDING | Position: 100% | DOUBLE_BOTTOM at $60,898.89 | Neckline: $62,133.46 (37%) | Bearish Breaker Block $64,055.36-$64,067.58 (broke at $63,938.89) | Bullish Breaker Block $63,938.89-$64,067.58 (broke at $64,160.13) | Daily supply: $73370.85-$74020.76 | Daily demand: $59108.92-$63807.69 | Bullish confirmation candle: BULLISH_MARUBOZU",Price approaching demand $63962.65-$64007.23 ($1659 away) | Wait for sell-side liquidity sweep | Wait for bullish BOS/CHOCH on 5m,OFF_HOURS
2026-06-17 11:29:15,BTC,64007.23,WATCH_BUY,BULLISH,25,False,64007.23,63940.36,64905.35,13.43,BULLISH,HH_HL,BULLISH,27,STRONG_BULLISH,49,64066.78125,64905.3515625,63962.6484375,64007.23046875,73370.8515625,74020.7578125,59108.91796875,63807.69140625,NONE,0,0,ASCENDING,1,30.0,DOUBLE_BOTTOM,60898.89,62133.46,37,False,0,NONE,NONE,0,NONE,0,0,64055.36,64067.58,63938.89,64067.58,,,,,,,,,"1H structure: BULLISH (HH_HL) | 1H momentum: BULLISH (27) | Channel: ASCENDING | Position: 100% | DOUBLE_BOTTOM at $60,898.89 | Neckline: $62,133.46 (37%) | Bearish Breaker Block $64,055.36-$64,067.58 (broke at $63,938.89) | Bullish Breaker Block $63,938.89-$64,067.58 (broke at $64,160.13) | Daily supply: $73370.85-$74020.76 | Daily demand: $59108.92-$63807.69 | Bullish confirmation candle: BULLISH_MARUBOZU",Price approaching demand $63962.65-$64007.23 ($1659 away) | Wait for sell-side liquidity sweep | Wait for bullish BOS/CHOCH on 5m,OFF_HOURS
2026-06-17 11:29:17,GOLD,4351.4,WATCH_NEUTRAL,NEUTRAL,0,False,4351.4,0,0,0,NEUTRAL,COMPRESSION,NEUTRAL,0,BULLISH,25,4356.39990234375,4369.7998046875,4349.10009765625,4354.0,4447.39990234375,4509.89990234375,4100.0,4200.0,V_BOTTOM,75,4333.7,ASCENDING,0,0.0,DOUBLE_TOP,4376.5,4352.6,100,False,0,NONE,NONE,0,NONE,0,0,4235.0,4246.8,4231.6,4247.0,,,,,,,,,"1H structure: NEUTRAL (COMPRESSION) | V-Reversal: V_BOTTOM at $4333.70 (75%) | Channel: ASCENDING | Position: 0% | DOUBLE_TOP at $4,376.50 | Neckline: $4,352.60 (100%) | Bearish Breaker Block $4,235.00-$4,246.80 (broke at $4,231.60) | Bullish Breaker Block $4,231.60-$4,247.00 (broke at $4,247.90) | Daily supply: $4447.40-$4509.90 | Daily demand: $4100.00-$4200.00",1H structure NEUTRAL — wait for clear HH/HL or LH/LL,OFF_HOURS
2026-06-17 11:29:36,GOLD,4351.4,WATCH_NEUTRAL,NEUTRAL,0,False,4351.4,0,0,0,NEUTRAL,COMPRESSION,NEUTRAL,0,BULLISH,25,4356.39990234375,4369.7998046875,4349.10009765625,4354.0,4447.39990234375,4509.89990234375,4100.0,4200.0,V_BOTTOM,75,4333.7,ASCENDING,0,0.0,DOUBLE_TOP,4376.5,4352.6,100,False,0,NONE,NONE,0,NONE,0,0,4235.0,4246.8,4231.6,4247.0,,,,,,,,,"1H structure: NEUTRAL (COMPRESSION) | V-Reversal: V_BOTTOM at $4333.70 (75%) | Channel: ASCENDING | Position: 0% | DOUBLE_TOP at $4,376.50 | Neckline: $4,352.60 (100%) | Bearish Breaker Block $4,235.00-$4,246.80 (broke at $4,231.60) | Bullish Breaker Block $4,231.60-$4,247.00 (broke at $4,247.90) | Daily supply: $4447.40-$4509.90 | Daily demand: $4100.00-$4200.00",1H structure NEUTRAL — wait for clear HH/HL or LH/LL,OFF_HOURS
2026-06-17 11:29:46,GOLD,4351.4,WATCH_NEUTRAL,NEUTRAL,0,False,4351.4,0,0,0,NEUTRAL,COMPRESSION,NEUTRAL,0,BULLISH,25,4356.39990234375,4369.7998046875,4349.10009765625,4354.0,4447.39990234375,4509.89990234375,4100.0,4200.0,V_BOTTOM,75,4333.7,ASCENDING,0,0.0,DOUBLE_TOP,4376.5,4352.6,100,False,0,NONE,NONE,0,NONE,0,0,4235.0,4246.8,4231.6,4247.0,,,,,,,,,"1H structure: NEUTRAL (COMPRESSION) | V-Reversal: V_BOTTOM at $4333.70 (75%) | Channel: ASCENDING | Position: 0% | DOUBLE_TOP at $4,376.50 | Neckline: $4,352.60 (100%) | Bearish Breaker Block $4,235.00-$4,246.80 (broke at $4,231.60) | Bullish Breaker Block $4,231.60-$4,247.00 (broke at $4,247.90) | Daily supply: $4447.40-$4509.90 | Daily demand: $4100.00-$4200.00",1H structure NEUTRAL — wait for clear HH/HL or LH/LL,OFF_HOURS
2026-06-17 11:29:50,BTC,65666.18,WATCH_BUY,BULLISH,25,False,65666.18,63940.36,64905.35,0.44,BULLISH,HH_HL,BULLISH,27,STRONG_BULLISH,49,64066.78125,64905.3515625,63962.6484375,64007.23046875,73370.8515625,74020.7578125,59108.91796875,63807.69140625,NONE,0,0,ASCENDING,1,30.0,DOUBLE_BOTTOM,60898.89,62133.46,37,False,0,NONE,NONE,0,NONE,0,0,64055.36,64067.58,63938.89,64067.58,,,,,,,,,"1H structure: BULLISH (HH_HL) | 1H momentum: BULLISH (27) | Channel: ASCENDING | Position: 100% | DOUBLE_BOTTOM at $60,898.89 | Neckline: $62,133.46 (37%) | Bearish Breaker Block $64,055.36-$64,067.58 (broke at $63,938.89) | Bullish Breaker Block $63,938.89-$64,067.58 (broke at $64,160.13) | Daily supply: $73370.85-$74020.76 | Daily demand: $59108.92-$63807.69 | Bullish confirmation candle: BULLISH_MARUBOZU",Price approaching demand $63962.65-$64007.23 ($1659 away) | Wait for sell-side liquidity sweep | Wait for bullish BOS/CHOCH on 5m,OFF_HOURS
2026-06-17 11:30:00,BTC,65666.18,WATCH_BUY,BULLISH,25,False,65666.18,63940.36,64905.35,0.44,BULLISH,HH_HL,BULLISH,27,STRONG_BULLISH,49,64066.78125,64905.3515625,63962.6484375,64007.23046875,73370.8515625,74020.7578125,59108.91796875,63807.69140625,NONE,0,0,ASCENDING,1,30.0,DOUBLE_BOTTOM,60898.89,62133.46,37,False,0,NONE,NONE,0,NONE,0,0,64055.36,64067.58,63938.89,64067.58,,,,,,,,,"1H structure: BULLISH (HH_HL) | 1H momentum: BULLISH (27) | Channel: ASCENDING | Position: 100% | DOUBLE_BOTTOM at $60,898.89 | Neckline: $62,133.46 (37%) | Bearish Breaker Block $64,055.36-$64,067.58 (broke at $63,938.89) | Bullish Breaker Block $63,938.89-$64,067.58 (broke at $64,160.13) | Daily supply: $73370.85-$74020.76 | Daily demand: $59108.92-$63807.69 | Bullish confirmation candle: BULLISH_MARUBOZU",Price approaching demand $63962.65-$64007.23 ($1659 away) | Wait for sell-side liquidity sweep | Wait for bullish BOS/CHOCH on 5m,OFF_HOURS
2026-06-17 11:30:21,GOLD,4351.4,WATCH_NEUTRAL,NEUTRAL,0,False,4351.4,0,0,0,NEUTRAL,COMPRESSION,NEUTRAL,0,BULLISH,25,4356.39990234375,4369.7998046875,4349.10009765625,4354.0,4447.39990234375,4509.89990234375,4100.0,4200.0,V_BOTTOM,75,4333.7,ASCENDING,0,0.0,DOUBLE_TOP,4376.5,4352.6,100,False,0,NONE,NONE,0,NONE,0,0,4235.0,4246.8,4231.6,4247.0,,,,,,,,,"1H structure: NEUTRAL (COMPRESSION) | V-Reversal: V_BOTTOM at $4333.70 (75%) | Channel: ASCENDING | Position: 0% | DOUBLE_TOP at $4,376.50 | Neckline: $4,352.60 (100%) | Bearish Breaker Block $4,235.00-$4,246.80 (broke at $4,231.60) | Bullish Breaker Block $4,231.60-$4,247.00 (broke at $4,247.90) | Daily supply: $4447.40-$4509.90 | Daily demand: $4100.00-$4200.00",1H structure NEUTRAL — wait for clear HH/HL or LH/LL,OFF_HOURS
2026-06-17 11:30:22,BTC,64007.23,WATCH_BUY,BULLISH,25,False,64007.23,63940.36,64905.35,13.43,BULLISH,HH_HL,BULLISH,27,STRONG_BULLISH,49,64066.78125,64905.3515625,63962.6484375,64007.23046875,73370.8515625,74020.7578125,59108.91796875,63807.69140625,NONE,0,0,ASCENDING,1,30.0,DOUBLE_BOTTOM,60898.89,62133.46,37,False,0,NONE,NONE,0,NONE,0,0,64055.36,64067.58,63938.89,64067.58,,,,,,,,,"1H structure: BULLISH (HH_HL) | 1H momentum: BULLISH (27) | Channel: ASCENDING | Position: 100% | DOUBLE_BOTTOM at $60,898.89 | Neckline: $62,133.46 (37%) | Bearish Breaker Block $64,055.36-$64,067.58 (broke at $63,938.89) | Bullish Breaker Block $63,938.89-$64,067.58 (broke at $64,160.13) | Daily supply: $73370.85-$74020.76 | Daily demand: $59108.92-$63807.69 | Bullish confirmation candle: BULLISH_MARUBOZU",Price approaching demand $63962.65-$64007.23 ($1659 away) | Wait for sell-side liquidity sweep | Wait for bullish BOS/CHOCH on 5m,OFF_HOURS
2026-06-17 11:30:39,GOLD,4351.4,WATCH_NEUTRAL,NEUTRAL,0,False,4351.4,0,0,0,NEUTRAL,COMPRESSION,NEUTRAL,0,BULLISH,25,4356.39990234375,4369.7998046875,4349.10009765625,4354.0,4447.39990234375,4509.89990234375,4100.0,4200.0,V_BOTTOM,75,4333.7,ASCENDING,0,0.0,DOUBLE_TOP,4376.5,4352.6,100,False,0,NONE,NONE,0,NONE,0,0,4235.0,4246.8,4231.6,4247.0,,,,,,,,,"1H structure: NEUTRAL (COMPRESSION) | V-Reversal: V_BOTTOM at $4333.70 (75%) | Channel: ASCENDING | Position: 0% | DOUBLE_TOP at $4,376.50 | Neckline: $4,352.60 (100%) | Bearish Breaker Block $4,235.00-$4,246.80 (broke at $4,231.60) | Bullish Breaker Block $4,231.60-$4,247.00 (broke at $4,247.90) | Daily supply: $4447.40-$4509.90 | Daily demand: $4100.00-$4200.00",1H structure NEUTRAL — wait for clear HH/HL or LH/LL,OFF_HOURS
2026-06-17 11:30:49,GOLD,4351.4,WATCH_NEUTRAL,NEUTRAL,0,False,4351.4,0,0,0,NEUTRAL,COMPRESSION,NEUTRAL,0,BULLISH,25,4356.39990234375,4369.7998046875,4349.10009765625,4354.0,4447.39990234375,4509.89990234375,4100.0,4200.0,V_BOTTOM,75,4333.7,ASCENDING,0,0.0,DOUBLE_TOP,4376.5,4352.6,100,False,0,NONE,NONE,0,NONE,0,0,4235.0,4246.8,4231.6,4247.0,,,,,,,,,"1H structure: NEUTRAL (COMPRESSION) | V-Reversal: V_BOTTOM at $4333.70 (75%) | Channel: ASCENDING | Position: 0% | DOUBLE_TOP at $4,376.50 | Neckline: $4,352.60 (100%) | Bearish Breaker Block $4,235.00-$4,246.80 (broke at $4,231.60) | Bullish Breaker Block $4,231.60-$4,247.00 (broke at $4,247.90) | Daily supply: $4447.40-$4509.90 | Daily demand: $4100.00-$4200.00",1H structure NEUTRAL — wait for clear HH/HL or LH/LL,OFF_HOURS
2026-06-17 11:30:57,BTC,65666.18,WATCH_BUY,BULLISH,25,False,65666.18,63940.36,64905.35,0.44,BULLISH,HH_HL,BULLISH,27,STRONG_BULLISH,49,64066.78125,64905.3515625,63962.6484375,64007.23046875,73370.8515625,74020.7578125,59108.91796875,63807.69140625,NONE,0,0,ASCENDING,1,30.0,DOUBLE_BOTTOM,60898.89,62133.46,37,False,0,NONE,NONE,0,NONE,0,0,64055.36,64067.58,63938.89,64067.58,,,,,,,,,"1H structure: BULLISH (HH_HL) | 1H momentum: BULLISH (27) | Channel: ASCENDING | Position: 100% | DOUBLE_BOTTOM at $60,898.89 | Neckline: $62,133.46 (37%) | Bearish Breaker Block $64,055.36-$64,067.58 (broke at $63,938.89) | Bullish Breaker Block $63,938.89-$64,067.58 (broke at $64,160.13) | Daily supply: $73370.85-$74020.76 | Daily demand: $59108.92-$63807.69 | Bullish confirmation candle: BULLISH_MARUBOZU",Price approaching demand $63962.65-$64007.23 ($1659 away) | Wait for sell-side liquidity sweep | Wait for bullish BOS/CHOCH on 5m,OFF_HOURS
2026-06-17 11:31:08,BTC,65666.18,WATCH_BUY,BULLISH,25,False,65666.18,63940.36,64905.35,0.44,BULLISH,HH_HL,BULLISH,27,STRONG_BULLISH,49,64066.78125,64905.3515625,63962.6484375,64007.23046875,73370.8515625,74020.7578125,59108.91796875,63807.69140625,NONE,0,0,ASCENDING,1,30.0,DOUBLE_BOTTOM,60898.89,62133.46,37,False,0,NONE,NONE,0,NONE,0,0,64055.36,64067.58,63938.89,64067.58,,,,,,,,,"1H structure: BULLISH (HH_HL) | 1H momentum: BULLISH (27) | Channel: ASCENDING | Position: 100% | DOUBLE_BOTTOM at $60,898.89 | Neckline: $62,133.46 (37%) | Bearish Breaker Block $64,055.36-$64,067.58 (broke at $63,938.89) | Bullish Breaker Block $63,938.89-$64,067.58 (broke at $64,160.13) | Daily supply: $73370.85-$74020.76 | Daily demand: $59108.92-$63807.69 | Bullish confirmation candle: BULLISH_MARUBOZU",Price approaching demand $63962.65-$64007.23 ($1659 away) | Wait for sell-side liquidity sweep | Wait for bullish BOS/CHOCH on 5m,OFF_HOURS
2026-06-17 11:31:24,GOLD,4351.1,WATCH_NEUTRAL,NEUTRAL,0,False,4351.1,0,0,0,NEUTRAL,COMPRESSION,NEUTRAL,0,NEUTRAL,4,4356.39990234375,4369.7998046875,4349.10009765625,4354.0,4447.39990234375,4509.89990234375,4100.0,4200.0,V_BOTTOM,75,4333.7,ASCENDING,0,0.0,DOUBLE_TOP,4376.5,4352.6,100,True,1,BULLISH,NONE,0,NONE,0,0,4235.0,4246.8,4231.6,4247.0,,,,,,,,,"1H structure: NEUTRAL (COMPRESSION) | V-Reversal: V_BOTTOM at $4333.70 (75%) | Channel: ASCENDING | Position: 0% | DOUBLE_TOP at $4,376.50 | Neckline: $4,352.60 (100%) | Inside Bar x1 (BULLISH) | Break above $4,353.80 or below $4,348.90 | Bearish Breaker Block $4,235.00-$4,246.80 (broke at $4,231.60) | Bullish Breaker Block $4,231.60-$4,247.00 (broke at $4,247.90) | Daily supply: $4447.40-$4509.90 | Daily demand: $4100.00-$4200.00",1H structure NEUTRAL — wait for clear HH/HL or LH/LL,OFF_HOURS
2026-06-17 11:31:30,BTC,64007.23,WATCH_BUY,BULLISH,25,False,64007.23,63940.36,64905.35,13.43,BULLISH,HH_HL,BULLISH,27,STRONG_BULLISH,49,64066.78125,64905.3515625,63962.6484375,64007.23046875,73370.8515625,74020.7578125,59108.91796875,63807.69140625,NONE,0,0,ASCENDING,1,30.0,DOUBLE_BOTTOM,60898.89,62133.46,37,False,0,NONE,NONE,0,NONE,0,0,64055.36,64067.58,63938.89,64067.58,,,,,,,,,"1H structure: BULLISH (HH_HL) | 1H momentum: BULLISH (27) | Channel: ASCENDING | Position: 100% | DOUBLE_BOTTOM at $60,898.89 | Neckline: $62,133.46 (37%) | Bearish Breaker Block $64,055.36-$64,067.58 (broke at $63,938.89) | Bullish Breaker Block $63,938.89-$64,067.58 (broke at $64,160.13) | Daily supply: $73370.85-$74020.76 | Daily demand: $59108.92-$63807.69 | Bullish confirmation candle: BULLISH_MARUBOZU",Price approaching demand $63962.65-$64007.23 ($1659 away) | Wait for sell-side liquidity sweep | Wait for bullish BOS/CHOCH on 5m,OFF_HOURS
2026-06-17 11:31:42,GOLD,4351.1,WATCH_NEUTRAL,NEUTRAL,0,False,4351.1,0,0,0,NEUTRAL,COMPRESSION,NEUTRAL,0,NEUTRAL,4,4356.39990234375,4369.7998046875,4349.10009765625,4354.0,4447.39990234375,4509.89990234375,4100.0,4200.0,V_BOTTOM,75,4333.7,ASCENDING,0,0.0,DOUBLE_TOP,4376.5,4352.6,100,True,1,BULLISH,NONE,0,NONE,0,0,4235.0,4246.8,4231.6,4247.0,,,,,,,,,"1H structure: NEUTRAL (COMPRESSION) | V-Reversal: V_BOTTOM at $4333.70 (75%) | Channel: ASCENDING | Position: 0% | DOUBLE_TOP at $4,376.50 | Neckline: $4,352.60 (100%) | Inside Bar x1 (BULLISH) | Break above $4,353.80 or below $4,348.90 | Bearish Breaker Block $4,235.00-$4,246.80 (broke at $4,231.60) | Bullish Breaker Block $4,231.60-$4,247.00 (broke at $4,247.90) | Daily supply: $4447.40-$4509.90 | Daily demand: $4100.00-$4200.00",1H structure NEUTRAL — wait for clear HH/HL or LH/LL,OFF_HOURS
2026-06-17 11:31:49,BTC,64007.23,WATCH_BUY,BULLISH,25,False,64007.23,63940.36,64905.35,13.43,BULLISH,HH_HL,BULLISH,27,STRONG_BULLISH,49,64066.78125,64905.3515625,63962.6484375,64007.23046875,73370.8515625,74020.7578125,59108.91796875,63807.69140625,NONE,0,0,ASCENDING,1,30.0,DOUBLE_BOTTOM,60898.89,62133.46,37,False,0,NONE,NONE,0,NONE,0,0,64055.36,64067.58,63938.89,64067.58,,,,,,,,,"1H structure: BULLISH (HH_HL) | 1H momentum: BULLISH (27) | Channel: ASCENDING | Position: 100% | DOUBLE_BOTTOM at $60,898.89 | Neckline: $62,133.46 (37%) | Bearish Breaker Block $64,055.36-$64,067.58 (broke at $63,938.89) | Bullish Breaker Block $63,938.89-$64,067.58 (broke at $64,160.13) | Daily supply: $73370.85-$74020.76 | Daily demand: $59108.92-$63807.69 | Bullish confirmation candle: BULLISH_MARUBOZU",Price approaching demand $63962.65-$64007.23 ($1659 away) | Wait for sell-side liquidity sweep | Wait for bullish BOS/CHOCH on 5m,OFF_HOURS
2026-06-17 11:31:53,GOLD,4351.1,WATCH_NEUTRAL,NEUTRAL,0,False,4351.1,0,0,0,NEUTRAL,COMPRESSION,NEUTRAL,0,NEUTRAL,4,4356.39990234375,4369.7998046875,4349.10009765625,4354.0,4447.39990234375,4509.89990234375,4100.0,4200.0,V_BOTTOM,75,4333.7,ASCENDING,0,0.0,DOUBLE_TOP,4376.5,4352.6,100,True,1,BULLISH,NONE,0,NONE,0,0,4235.0,4246.8,4231.6,4247.0,,,,,,,,,"1H structure: NEUTRAL (COMPRESSION) | V-Reversal: V_BOTTOM at $4333.70 (75%) | Channel: ASCENDING | Position: 0% | DOUBLE_TOP at $4,376.50 | Neckline: $4,352.60 (100%) | Inside Bar x1 (BULLISH) | Break above $4,353.80 or below $4,348.90 | Bearish Breaker Block $4,235.00-$4,246.80 (broke at $4,231.60) | Bullish Breaker Block $4,231.60-$4,247.00 (broke at $4,247.90) | Daily supply: $4447.40-$4509.90 | Daily demand: $4100.00-$4200.00",1H structure NEUTRAL — wait for clear HH/HL or LH/LL,OFF_HOURS
2026-06-17 11:32:05,BTC,65666.18,WATCH_BUY,BULLISH,25,False,65666.18,63940.36,64905.35,0.44,BULLISH,HH_HL,BULLISH,27,STRONG_BULLISH,49,64066.78125,64905.3515625,63962.6484375,64007.23046875,73370.8515625,74020.7578125,59108.91796875,63807.69140625,NONE,0,0,ASCENDING,1,30.0,DOUBLE_BOTTOM,60898.89,62133.46,37,False,0,NONE,NONE,0,NONE,0,0,64055.36,64067.58,63938.89,64067.58,,,,,,,,,"1H structure: BULLISH (HH_HL) | 1H momentum: BULLISH (27) | Channel: ASCENDING | Position: 100% | DOUBLE_BOTTOM at $60,898.89 | Neckline: $62,133.46 (37%) | Bearish Breaker Block $64,055.36-$64,067.58 (broke at $63,938.89) | Bullish Breaker Block $63,938.89-$64,067.58 (broke at $64,160.13) | Daily supply: $73370.85-$74020.76 | Daily demand: $59108.92-$63807.69 | Bullish confirmation candle: BULLISH_MARUBOZU",Price approaching demand $63962.65-$64007.23 ($1659 away) | Wait for sell-side liquidity sweep | Wait for bullish BOS/CHOCH on 5m,OFF_HOURS
2026-06-17 11:32:15,GOLD,4350.8,WATCH_NEUTRAL,NEUTRAL,0,False,4350.8,0,0,0,NEUTRAL,COMPRESSION,NEUTRAL,0,NEUTRAL,-8,4356.39990234375,4369.7998046875,4349.10009765625,4354.0,4447.39990234375,4509.89990234375,4100.0,4200.0,V_BOTTOM,75,4333.7,ASCENDING,0,0.0,DOUBLE_TOP,4376.5,4352.6,100,True,1,BULLISH,NONE,0,NONE,0,0,4235.0,4246.8,4231.6,4247.0,,,,,,,,,"1H structure: NEUTRAL (COMPRESSION) | V-Reversal: V_BOTTOM at $4333.70 (75%) | Channel: ASCENDING | Position: 0% | DOUBLE_TOP at $4,376.50 | Neckline: $4,352.60 (100%) | Inside Bar x1 (BULLISH) | Break above $4,353.80 or below $4,348.90 | Bearish Breaker Block $4,235.00-$4,246.80 (broke at $4,231.60) | Bullish Breaker Block $4,231.60-$4,247.00 (broke at $4,247.90) | Daily supply: $4447.40-$4509.90 | Daily demand: $4100.00-$4200.00",1H structure NEUTRAL — wait for clear HH/HL or LH/LL,OFF_HOURS
2026-06-17 11:32:15,BTC,65666.18,WATCH_BUY,BULLISH,25,False,65666.18,63940.36,64905.35,0.44,BULLISH,HH_HL,BULLISH,27,STRONG_BULLISH,49,64066.78125,64905.3515625,63962.6484375,64007.23046875,73370.8515625,74020.7578125,59108.91796875,63807.69140625,NONE,0,0,ASCENDING,1,30.0,DOUBLE_BOTTOM,60898.89,62133.46,37,False,0,NONE,NONE,0,NONE,0,0,64055.36,64067.58,63938.89,64067.58,,,,,,,,,"1H structure: BULLISH (HH_HL) | 1H momentum: BULLISH (27) | Channel: ASCENDING | Position: 100% | DOUBLE_BOTTOM at $60,898.89 | Neckline: $62,133.46 (37%) | Bearish Breaker Block $64,055.36-$64,067.58 (broke at $63,938.89) | Bullish Breaker Block $63,938.89-$64,067.58 (broke at $64,160.13) | Daily supply: $73370.85-$74020.76 | Daily demand: $59108.92-$63807.69 | Bullish confirmation candle: BULLISH_MARUBOZU",Price approaching demand $63962.65-$64007.23 ($1659 away) | Wait for sell-side liquidity sweep | Wait for bullish BOS/CHOCH on 5m,OFF_HOURS
2026-06-17 11:32:27,GOLD,4350.8,WATCH_NEUTRAL,NEUTRAL,0,False,4350.8,0,0,0,NEUTRAL,COMPRESSION,NEUTRAL,0,NEUTRAL,-8,4356.39990234375,4369.7998046875,4349.10009765625,4354.0,4447.39990234375,4509.89990234375,4100.0,4200.0,V_BOTTOM,75,4333.7,ASCENDING,0,0.0,DOUBLE_TOP,4376.5,4352.6,100,True,1,BULLISH,NONE,0,NONE,0,0,4235.0,4246.8,4231.6,4247.0,,,,,,,,,"1H structure: NEUTRAL (COMPRESSION) | V-Reversal: V_BOTTOM at $4333.70 (75%) | Channel: ASCENDING | Position: 0% | DOUBLE_TOP at $4,376.50 | Neckline: $4,352.60 (100%) | Inside Bar x1 (BULLISH) | Break above $4,353.80 or below $4,348.90 | Bearish Breaker Block $4,235.00-$4,246.80 (broke at $4,231.60) | Bullish Breaker Block $4,231.60-$4,247.00 (broke at $4,247.90) | Daily supply: $4447.40-$4509.90 | Daily demand: $4100.00-$4200.00",1H structure NEUTRAL — wait for clear HH/HL or LH/LL,OFF_HOURS
2026-06-17 11:32:37,BTC,64007.23,WATCH_BUY,BULLISH,25,False,64007.23,63940.36,64905.35,13.43,BULLISH,HH_HL,BULLISH,27,STRONG_BULLISH,49,64066.78125,64905.3515625,63962.6484375,64007.23046875,73370.8515625,74020.7578125,59108.91796875,63807.69140625,NONE,0,0,ASCENDING,1,30.0,DOUBLE_BOTTOM,60898.89,62133.46,37,False,0,NONE,NONE,0,NONE,0,0,64055.36,64067.58,63938.89,64067.58,,,,,,,,,"1H structure: BULLISH (HH_HL) | 1H momentum: BULLISH (27) | Channel: ASCENDING | Position: 100% | DOUBLE_BOTTOM at $60,898.89 | Neckline: $62,133.46 (37%) | Bearish Breaker Block $64,055.36-$64,067.58 (broke at $63,938.89) | Bullish Breaker Block $63,938.89-$64,067.58 (broke at $64,160.13) | Daily supply: $73370.85-$74020.76 | Daily demand: $59108.92-$63807.69 | Bullish confirmation candle: BULLISH_MARUBOZU",Price approaching demand $63962.65-$64007.23 ($1659 away) | Wait for sell-side liquidity sweep | Wait for bullish BOS/CHOCH on 5m,OFF_HOURS
2026-06-17 11:32:45,GOLD,4350.8,WATCH_NEUTRAL,NEUTRAL,0,False,4350.8,0,0,0,NEUTRAL,COMPRESSION,NEUTRAL,0,NEUTRAL,-8,4356.39990234375,4369.7998046875,4349.10009765625,4354.0,4447.39990234375,4509.89990234375,4100.0,4200.0,V_BOTTOM,75,4333.7,ASCENDING,0,0.0,DOUBLE_TOP,4376.5,4352.6,100,True,1,BULLISH,NONE,0,NONE,0,0,4235.0,4246.8,4231.6,4247.0,,,,,,,,,"1H structure: NEUTRAL (COMPRESSION) | V-Reversal: V_BOTTOM at $4333.70 (75%) | Channel: ASCENDING | Position: 0% | DOUBLE_TOP at $4,376.50 | Neckline: $4,352.60 (100%) | Inside Bar x1 (BULLISH) | Break above $4,353.80 or below $4,348.90 | Bearish Breaker Block $4,235.00-$4,246.80 (broke at $4,231.60) | Bullish Breaker Block $4,231.60-$4,247.00 (broke at $4,247.90) | Daily supply: $4447.40-$4509.90 | Daily demand: $4100.00-$4200.00",1H structure NEUTRAL — wait for clear HH/HL or LH/LL,OFF_HOURS
2026-06-17 11:32:56,GOLD,4350.8,WATCH_NEUTRAL,NEUTRAL,0,False,4350.8,0,0,0,NEUTRAL,COMPRESSION,NEUTRAL,0,NEUTRAL,-8,4356.39990234375,4369.7998046875,4349.10009765625,4354.0,4447.39990234375,4509.89990234375,4100.0,4200.0,V_BOTTOM,75,4333.7,ASCENDING,0,0.0,DOUBLE_TOP,4376.5,4352.6,100,True,1,BULLISH,NONE,0,NONE,0,0,4235.0,4246.8,4231.6,4247.0,,,,,,,,,"1H structure: NEUTRAL (COMPRESSION) | V-Reversal: V_BOTTOM at $4333.70 (75%) | Channel: ASCENDING | Position: 0% | DOUBLE_TOP at $4,376.50 | Neckline: $4,352.60 (100%) | Inside Bar x1 (BULLISH) | Break above $4,353.80 or below $4,348.90 | Bearish Breaker Block $4,235.00-$4,246.80 (broke at $4,231.60) | Bullish Breaker Block $4,231.60-$4,247.00 (broke at $4,247.90) | Daily supply: $4447.40-$4509.90 | Daily demand: $4100.00-$4200.00",1H structure NEUTRAL — wait for clear HH/HL or LH/LL,OFF_HOURS
2026-06-17 11:32:57,BTC,64007.23,WATCH_BUY,BULLISH,25,False,64007.23,63940.36,64905.35,13.43,BULLISH,HH_HL,BULLISH,27,STRONG_BULLISH,49,64066.78125,64905.3515625,63962.6484375,64007.23046875,73370.8515625,74020.7578125,59108.91796875,63807.69140625,NONE,0,0,ASCENDING,1,30.0,DOUBLE_BOTTOM,60898.89,62133.46,37,False,0,NONE,NONE,0,NONE,0,0,64055.36,64067.58,63938.89,64067.58,,,,,,,,,"1H structure: BULLISH (HH_HL) | 1H momentum: BULLISH (27) | Channel: ASCENDING | Position: 100% | DOUBLE_BOTTOM at $60,898.89 | Neckline: $62,133.46 (37%) | Bearish Breaker Block $64,055.36-$64,067.58 (broke at $63,938.89) | Bullish Breaker Block $63,938.89-$64,067.58 (broke at $64,160.13) | Daily supply: $73370.85-$74020.76 | Daily demand: $59108.92-$63807.69 | Bullish confirmation candle: BULLISH_MARUBOZU",Price approaching demand $63962.65-$64007.23 ($1659 away) | Wait for sell-side liquidity sweep | Wait for bullish BOS/CHOCH on 5m,OFF_HOURS
2026-06-17 11:33:12,BTC,65666.18,WATCH_BUY,BULLISH,25,False,65666.18,63940.36,64905.35,0.44,BULLISH,HH_HL,BULLISH,27,STRONG_BULLISH,49,64066.78125,64905.3515625,63962.6484375,64007.23046875,73370.8515625,74020.7578125,59108.91796875,63807.69140625,NONE,0,0,ASCENDING,1,30.0,DOUBLE_BOTTOM,60898.89,62133.46,37,False,0,NONE,NONE,0,NONE,0,0,64055.36,64067.58,63938.89,64067.58,,,,,,,,,"1H structure: BULLISH (HH_HL) | 1H momentum: BULLISH (27) | Channel: ASCENDING | Position: 100% | DOUBLE_BOTTOM at $60,898.89 | Neckline: $62,133.46 (37%) | Bearish Breaker Block $64,055.36-$64,067.58 (broke at $63,938.89) | Bullish Breaker Block $63,938.89-$64,067.58 (broke at $64,160.13) | Daily supply: $73370.85-$74020.76 | Daily demand: $59108.92-$63807.69 | Bullish confirmation candle: BULLISH_MARUBOZU",Price approaching demand $63962.65-$64007.23 ($1659 away) | Wait for sell-side liquidity sweep | Wait for bullish BOS/CHOCH on 5m,OFF_HOURS
2026-06-17 11:33:18,GOLD,4351.5,WATCH_NEUTRAL,NEUTRAL,0,False,4351.5,0,0,0,NEUTRAL,COMPRESSION,NEUTRAL,1,STRONG_BULLISH,41,4356.39990234375,4369.7998046875,4349.10009765625,4354.0,4447.39990234375,4509.89990234375,4100.0,4200.0,V_BOTTOM,75,4333.7,ASCENDING,0,0.0,DOUBLE_TOP,4376.5,4352.6,100,True,1,BULLISH,NONE,0,NONE,0,0,4235.0,4246.8,4231.6,4247.0,,,,,,,,,"1H structure: NEUTRAL (COMPRESSION) | V-Reversal: V_BOTTOM at $4333.70 (75%) | Channel: ASCENDING | Position: 0% | DOUBLE_TOP at $4,376.50 | Neckline: $4,352.60 (100%) | Inside Bar x1 (BULLISH) | Break above $4,353.80 or below $4,348.90 | Bearish Breaker Block $4,235.00-$4,246.80 (broke at $4,231.60) | Bullish Breaker Block $4,231.60-$4,247.00 (broke at $4,247.90) | Daily supply: $4447.40-$4509.90 | Daily demand: $4100.00-$4200.00",1H structure NEUTRAL — wait for clear HH/HL or LH/LL,OFF_HOURS
2026-06-17 11:33:23,BTC,65666.18,WATCH_BUY,BULLISH,25,False,65666.18,63940.36,64905.35,0.44,BULLISH,HH_HL,BULLISH,27,STRONG_BULLISH,49,64066.78125,64905.3515625,63962.6484375,64007.23046875,73370.8515625,74020.7578125,59108.91796875,63807.69140625,NONE,0,0,ASCENDING,1,30.0,DOUBLE_BOTTOM,60898.89,62133.46,37,False,0,NONE,NONE,0,NONE,0,0,64055.36,64067.58,63938.89,64067.58,,,,,,,,,"1H structure: BULLISH (HH_HL) | 1H momentum: BULLISH (27) | Channel: ASCENDING | Position: 100% | DOUBLE_BOTTOM at $60,898.89 | Neckline: $62,133.46 (37%) | Bearish Breaker Block $64,055.36-$64,067.58 (broke at $63,938.89) | Bullish Breaker Block $63,938.89-$64,067.58 (broke at $64,160.13) | Daily supply: $73370.85-$74020.76 | Daily demand: $59108.92-$63807.69 | Bullish confirmation candle: BULLISH_MARUBOZU",Price approaching demand $63962.65-$64007.23 ($1659 away) | Wait for sell-side liquidity sweep | Wait for bullish BOS/CHOCH on 5m,OFF_HOURS
2026-06-17 11:33:31,GOLD,4351.5,WATCH_NEUTRAL,NEUTRAL,0,False,4351.5,0,0,0,NEUTRAL,COMPRESSION,NEUTRAL,1,STRONG_BULLISH,41,4356.39990234375,4369.7998046875,4349.10009765625,4354.0,4447.39990234375,4509.89990234375,4100.0,4200.0,V_BOTTOM,75,4333.7,ASCENDING,0,0.0,DOUBLE_TOP,4376.5,4352.6,100,True,1,BULLISH,NONE,0,NONE,0,0,4235.0,4246.8,4231.6,4247.0,,,,,,,,,"1H structure: NEUTRAL (COMPRESSION) | V-Reversal: V_BOTTOM at $4333.70 (75%) | Channel: ASCENDING | Position: 0% | DOUBLE_TOP at $4,376.50 | Neckline: $4,352.60 (100%) | Inside Bar x1 (BULLISH) | Break above $4,353.80 or below $4,348.90 | Bearish Breaker Block $4,235.00-$4,246.80 (broke at $4,231.60) | Bullish Breaker Block $4,231.60-$4,247.00 (broke at $4,247.90) | Daily supply: $4447.40-$4509.90 | Daily demand: $4100.00-$4200.00",1H structure NEUTRAL — wait for clear HH/HL or LH/LL,OFF_HOURS
2026-06-17 11:33:44,BTC,64007.23,WATCH_BUY,BULLISH,25,False,64007.23,63940.36,64905.35,13.43,BULLISH,HH_HL,BULLISH,27,STRONG_BULLISH,49,64066.78125,64905.3515625,63962.6484375,64007.23046875,73370.8515625,74020.7578125,59108.91796875,63807.69140625,NONE,0,0,ASCENDING,1,30.0,DOUBLE_BOTTOM,60898.89,62133.46,37,False,0,NONE,NONE,0,NONE,0,0,64055.36,64067.58,63938.89,64067.58,,,,,,,,,"1H structure: BULLISH (HH_HL) | 1H momentum: BULLISH (27) | Channel: ASCENDING | Position: 100% | DOUBLE_BOTTOM at $60,898.89 | Neckline: $62,133.46 (37%) | Bearish Breaker Block $64,055.36-$64,067.58 (broke at $63,938.89) | Bullish Breaker Block $63,938.89-$64,067.58 (broke at $64,160.13) | Daily supply: $73370.85-$74020.76 | Daily demand: $59108.92-$63807.69 | Bullish confirmation candle: BULLISH_MARUBOZU",Price approaching demand $63962.65-$64007.23 ($1659 away) | Wait for sell-side liquidity sweep | Wait for bullish BOS/CHOCH on 5m,OFF_HOURS
2026-06-17 11:33:48,GOLD,4351.5,WATCH_NEUTRAL,NEUTRAL,0,False,4351.5,0,0,0,NEUTRAL,COMPRESSION,NEUTRAL,1,STRONG_BULLISH,41,4356.39990234375,4369.7998046875,4349.10009765625,4354.0,4447.39990234375,4509.89990234375,4100.0,4200.0,V_BOTTOM,75,4333.7,ASCENDING,0,0.0,DOUBLE_TOP,4376.5,4352.6,100,True,1,BULLISH,NONE,0,NONE,0,0,4235.0,4246.8,4231.6,4247.0,,,,,,,,,"1H structure: NEUTRAL (COMPRESSION) | V-Reversal: V_BOTTOM at $4333.70 (75%) | Channel: ASCENDING | Position: 0% | DOUBLE_TOP at $4,376.50 | Neckline: $4,352.60 (100%) | Inside Bar x1 (BULLISH) | Break above $4,353.80 or below $4,348.90 | Bearish Breaker Block $4,235.00-$4,246.80 (broke at $4,231.60) | Bullish Breaker Block $4,231.60-$4,247.00 (broke at $4,247.90) | Daily supply: $4447.40-$4509.90 | Daily demand: $4100.00-$4200.00",1H structure NEUTRAL — wait for clear HH/HL or LH/LL,OFF_HOURS
2026-06-17 11:33:59,GOLD,4351.5,WATCH_NEUTRAL,NEUTRAL,0,False,4351.5,0,0,0,NEUTRAL,COMPRESSION,NEUTRAL,1,STRONG_BULLISH,41,4356.39990234375,4369.7998046875,4349.10009765625,4354.0,4447.39990234375,4509.89990234375,4100.0,4200.0,V_BOTTOM,75,4333.7,ASCENDING,0,0.0,DOUBLE_TOP,4376.5,4352.6,100,True,1,BULLISH,NONE,0,NONE,0,0,4235.0,4246.8,4231.6,4247.0,,,,,,,,,"1H structure: NEUTRAL (COMPRESSION) | V-Reversal: V_BOTTOM at $4333.70 (75%) | Channel: ASCENDING | Position: 0% | DOUBLE_TOP at $4,376.50 | Neckline: $4,352.60 (100%) | Inside Bar x1 (BULLISH) | Break above $4,353.80 or below $4,348.90 | Bearish Breaker Block $4,235.00-$4,246.80 (broke at $4,231.60) | Bullish Breaker Block $4,231.60-$4,247.00 (broke at $4,247.90) | Daily supply: $4447.40-$4509.90 | Daily demand: $4100.00-$4200.00",1H structure NEUTRAL — wait for clear HH/HL or LH/LL,OFF_HOURS
2026-06-17 11:34:04,BTC,64007.23,WATCH_BUY,BULLISH,25,False,64007.23,63940.36,64905.35,13.43,BULLISH,HH_HL,BULLISH,27,STRONG_BULLISH,49,64066.78125,64905.3515625,63962.6484375,64007.23046875,73370.8515625,74020.7578125,59108.91796875,63807.69140625,NONE,0,0,ASCENDING,1,30.0,DOUBLE_BOTTOM,60898.89,62133.46,37,False,0,NONE,NONE,0,NONE,0,0,64055.36,64067.58,63938.89,64067.58,,,,,,,,,"1H structure: BULLISH (HH_HL) | 1H momentum: BULLISH (27) | Channel: ASCENDING | Position: 100% | DOUBLE_BOTTOM at $60,898.89 | Neckline: $62,133.46 (37%) | Bearish Breaker Block $64,055.36-$64,067.58 (broke at $63,938.89) | Bullish Breaker Block $63,938.89-$64,067.58 (broke at $64,160.13) | Daily supply: $73370.85-$74020.76 | Daily demand: $59108.92-$63807.69 | Bullish confirmation candle: BULLISH_MARUBOZU",Price approaching demand $63962.65-$64007.23 ($1659 away) | Wait for sell-side liquidity sweep | Wait for bullish BOS/CHOCH on 5m,OFF_HOURS
2026-06-17 11:34:20,BTC,65666.18,WATCH_BUY,BULLISH,25,False,65666.18,63940.36,64905.35,0.44,BULLISH,HH_HL,BULLISH,27,STRONG_BULLISH,49,64066.78125,64905.3515625,63962.6484375,64007.23046875,73370.8515625,74020.7578125,59108.91796875,63807.69140625,NONE,0,0,ASCENDING,1,30.0,DOUBLE_BOTTOM,60898.89,62133.46,37,False,0,NONE,NONE,0,NONE,0,0,64055.36,64067.58,63938.89,64067.58,,,,,,,,,"1H structure: BULLISH (HH_HL) | 1H momentum: BULLISH (27) | Channel: ASCENDING | Position: 100% | DOUBLE_BOTTOM at $60,898.89 | Neckline: $62,133.46 (37%) | Bearish Breaker Block $64,055.36-$64,067.58 (broke at $63,938.89) | Bullish Breaker Block $63,938.89-$64,067.58 (broke at $64,160.13) | Daily supply: $73370.85-$74020.76 | Daily demand: $59108.92-$63807.69 | Bullish confirmation candle: BULLISH_MARUBOZU",Price approaching demand $63962.65-$64007.23 ($1659 away) | Wait for sell-side liquidity sweep | Wait for bullish BOS/CHOCH on 5m,OFF_HOURS
2026-06-17 11:34:22,GOLD,4349.6,WATCH_NEUTRAL,NEUTRAL,0,False,4349.6,0,0,0,NEUTRAL,COMPRESSION,NEUTRAL,-1,NEUTRAL,-12,4356.39990234375,4369.7998046875,4349.10009765625,4354.0,4447.39990234375,4509.89990234375,4100.0,4200.0,V_BOTTOM,75,4333.7,ASCENDING,0,0.0,DOUBLE_TOP,4376.5,4352.6,100,True,1,BULLISH,NONE,0,NONE,0,0,4235.0,4246.8,4231.6,4247.0,,,,,,,,,"1H structure: NEUTRAL (COMPRESSION) | V-Reversal: V_BOTTOM at $4333.70 (75%) | Channel: ASCENDING | Position: 0% | DOUBLE_TOP at $4,376.50 | Neckline: $4,352.60 (100%) | Inside Bar x1 (BULLISH) | Break above $4,353.80 or below $4,348.90 | Bearish Breaker Block $4,235.00-$4,246.80 (broke at $4,231.60) | Bullish Breaker Block $4,231.60-$4,247.00 (broke at $4,247.90) | Daily supply: $4447.40-$4509.90 | Daily demand: $4100.00-$4200.00",1H structure NEUTRAL — wait for clear HH/HL or LH/LL,OFF_HOURS
2026-06-17 11:34:32,BTC,65666.18,WATCH_BUY,BULLISH,25,False,65666.18,63940.36,64905.35,0.44,BULLISH,HH_HL,BULLISH,27,STRONG_BULLISH,49,64066.78125,64905.3515625,63962.6484375,64007.23046875,73370.8515625,74020.7578125,59108.91796875,63807.69140625,NONE,0,0,ASCENDING,1,30.0,DOUBLE_BOTTOM,60898.89,62133.46,37,False,0,NONE,NONE,0,NONE,0,0,64055.36,64067.58,63938.89,64067.58,,,,,,,,,"1H structure: BULLISH (HH_HL) | 1H momentum: BULLISH (27) | Channel: ASCENDING | Position: 100% | DOUBLE_BOTTOM at $60,898.89 | Neckline: $62,133.46 (37%) | Bearish Breaker Block $64,055.36-$64,067.58 (broke at $63,938.89) | Bullish Breaker Block $63,938.89-$64,067.58 (broke at $64,160.13) | Daily supply: $73370.85-$74020.76 | Daily demand: $59108.92-$63807.69 | Bullish confirmation candle: BULLISH_MARUBOZU",Price approaching demand $63962.65-$64007.23 ($1659 away) | Wait for sell-side liquidity sweep | Wait for bullish BOS/CHOCH on 5m,OFF_HOURS
2026-06-17 11:34:36,GOLD,4349.6,WATCH_NEUTRAL,NEUTRAL,0,False,4349.6,0,0,0,NEUTRAL,COMPRESSION,NEUTRAL,-1,NEUTRAL,-12,4356.39990234375,4369.7998046875,4349.10009765625,4354.0,4447.39990234375,4509.89990234375,4100.0,4200.0,V_BOTTOM,75,4333.7,ASCENDING,0,0.0,DOUBLE_TOP,4376.5,4352.6,100,True,1,BULLISH,NONE,0,NONE,0,0,4235.0,4246.8,4231.6,4247.0,,,,,,,,,"1H structure: NEUTRAL (COMPRESSION) | V-Reversal: V_BOTTOM at $4333.70 (75%) | Channel: ASCENDING | Position: 0% | DOUBLE_TOP at $4,376.50 | Neckline: $4,352.60 (100%) | Inside Bar x1 (BULLISH) | Break above $4,353.80 or below $4,348.90 | Bearish Breaker Block $4,235.00-$4,246.80 (broke at $4,231.60) | Bullish Breaker Block $4,231.60-$4,247.00 (broke at $4,247.90) | Daily supply: $4447.40-$4509.90 | Daily demand: $4100.00-$4200.00",1H structure NEUTRAL — wait for clear HH/HL or LH/LL,OFF_HOURS
2026-06-17 11:34:52,BTC,64007.23,WATCH_BUY,BULLISH,25,False,64007.23,63940.36,64905.35,13.43,BULLISH,HH_HL,BULLISH,27,STRONG_BULLISH,49,64066.78125,64905.3515625,63962.6484375,64007.23046875,73370.8515625,74020.7578125,59108.91796875,63807.69140625,NONE,0,0,ASCENDING,1,30.0,DOUBLE_BOTTOM,60898.89,62133.46,37,False,0,NONE,NONE,0,NONE,0,0,64055.36,64067.58,63938.89,64067.58,,,,,,,,,"1H structure: BULLISH (HH_HL) | 1H momentum: BULLISH (27) | Channel: ASCENDING | Position: 100% | DOUBLE_BOTTOM at $60,898.89 | Neckline: $62,133.46 (37%) | Bearish Breaker Block $64,055.36-$64,067.58 (broke at $63,938.89) | Bullish Breaker Block $63,938.89-$64,067.58 (broke at $64,160.13) | Daily supply: $73370.85-$74020.76 | Daily demand: $59108.92-$63807.69 | Bullish confirmation candle: BULLISH_MARUBOZU",Price approaching demand $63962.65-$64007.23 ($1659 away) | Wait for sell-side liquidity sweep | Wait for bullish BOS/CHOCH on 5m,OFF_HOURS
2026-06-17 11:34:52,GOLD,4349.6,WATCH_NEUTRAL,NEUTRAL,0,False,4349.6,0,0,0,NEUTRAL,COMPRESSION,NEUTRAL,-1,NEUTRAL,-12,4356.39990234375,4369.7998046875,4349.10009765625,4354.0,4447.39990234375,4509.89990234375,4100.0,4200.0,V_BOTTOM,75,4333.7,ASCENDING,0,0.0,DOUBLE_TOP,4376.5,4352.6,100,True,1,BULLISH,NONE,0,NONE,0,0,4235.0,4246.8,4231.6,4247.0,,,,,,,,,"1H structure: NEUTRAL (COMPRESSION) | V-Reversal: V_BOTTOM at $4333.70 (75%) | Channel: ASCENDING | Position: 0% | DOUBLE_TOP at $4,376.50 | Neckline: $4,352.60 (100%) | Inside Bar x1 (BULLISH) | Break above $4,353.80 or below $4,348.90 | Bearish Breaker Block $4,235.00-$4,246.80 (broke at $4,231.60) | Bullish Breaker Block $4,231.60-$4,247.00 (broke at $4,247.90) | Daily supply: $4447.40-$4509.90 | Daily demand: $4100.00-$4200.00",1H structure NEUTRAL — wait for clear HH/HL or LH/LL,OFF_HOURS
2026-06-17 11:35:02,GOLD,4349.6,WATCH_NEUTRAL,NEUTRAL,0,False,4349.6,0,0,0,NEUTRAL,COMPRESSION,NEUTRAL,-1,NEUTRAL,-12,4356.39990234375,4369.7998046875,4349.10009765625,4354.0,4447.39990234375,4509.89990234375,4100.0,4200.0,V_BOTTOM,75,4333.7,ASCENDING,0,0.0,DOUBLE_TOP,4376.5,4352.6,100,True,1,BULLISH,NONE,0,NONE,0,0,4235.0,4246.8,4231.6,4247.0,,,,,,,,,"1H structure: NEUTRAL (COMPRESSION) | V-Reversal: V_BOTTOM at $4333.70 (75%) | Channel: ASCENDING | Position: 0% | DOUBLE_TOP at $4,376.50 | Neckline: $4,352.60 (100%) | Inside Bar x1 (BULLISH) | Break above $4,353.80 or below $4,348.90 | Bearish Breaker Block $4,235.00-$4,246.80 (broke at $4,231.60) | Bullish Breaker Block $4,231.60-$4,247.00 (broke at $4,247.90) | Daily supply: $4447.40-$4509.90 | Daily demand: $4100.00-$4200.00",1H structure NEUTRAL — wait for clear HH/HL or LH/LL,OFF_HOURS
2026-06-17 11:35:11,BTC,64007.23,WATCH_BUY,BULLISH,25,False,64007.23,63940.36,64905.35,13.43,BULLISH,HH_HL,BULLISH,27,STRONG_BULLISH,49,64066.78125,64905.3515625,63962.6484375,64007.23046875,73370.8515625,74020.7578125,59108.91796875,63807.69140625,NONE,0,0,ASCENDING,1,30.0,DOUBLE_BOTTOM,60898.89,62133.46,37,False,0,NONE,NONE,0,NONE,0,0,64055.36,64067.58,63938.89,64067.58,,,,,,,,,"1H structure: BULLISH (HH_HL) | 1H momentum: BULLISH (27) | Channel: ASCENDING | Position: 100% | DOUBLE_BOTTOM at $60,898.89 | Neckline: $62,133.46 (37%) | Bearish Breaker Block $64,055.36-$64,067.58 (broke at $63,938.89) | Bullish Breaker Block $63,938.89-$64,067.58 (broke at $64,160.13) | Daily supply: $73370.85-$74020.76 | Daily demand: $59108.92-$63807.69 | Bullish confirmation candle: BULLISH_MARUBOZU",Price approaching demand $63962.65-$64007.23 ($1659 away) | Wait for sell-side liquidity sweep | Wait for bullish BOS/CHOCH on 5m,OFF_HOURS
2026-06-17 11:35:25,GOLD,4349.6,WATCH_NEUTRAL,NEUTRAL,0,False,4349.6,0,0,0,NEUTRAL,COMPRESSION,NEUTRAL,-2,NEUTRAL,-12,4356.39990234375,4369.7998046875,4349.10009765625,4354.0,4447.39990234375,4509.89990234375,4100.0,4200.0,V_TOP,83,4376.5,ASCENDING,0,0.0,DOUBLE_TOP,4376.5,4352.6,100,True,1,BULLISH,NONE,0,NONE,0,0,4235.0,4246.8,4231.6,4247.0,,,,,,,,,"1H structure: NEUTRAL (COMPRESSION) | V-Reversal: V_TOP at $4376.50 (83%) | Channel: ASCENDING | Position: 0% | DOUBLE_TOP at $4,376.50 | Neckline: $4,352.60 (100%) | Inside Bar x1 (BULLISH) | Break above $4,353.80 or below $4,348.90 | Bearish Breaker Block $4,235.00-$4,246.80 (broke at $4,231.60) | Bullish Breaker Block $4,231.60-$4,247.00 (broke at $4,247.90) | Daily supply: $4447.40-$4509.90 | Daily demand: $4100.00-$4200.00",1H structure NEUTRAL — wait for clear HH/HL or LH/LL,OFF_HOURS
2026-06-17 11:35:28,BTC,65666.18,WATCH_BUY,BULLISH,25,False,65666.18,63940.36,64905.35,0.44,BULLISH,HH_HL,BULLISH,27,STRONG_BULLISH,49,64066.78125,64905.3515625,63962.6484375,64007.23046875,73370.8515625,74020.7578125,59108.91796875,63807.69140625,NONE,0,0,ASCENDING,1,30.0,DOUBLE_BOTTOM,60898.89,62133.46,37,False,0,NONE,NONE,0,NONE,0,0,64055.36,64067.58,63938.89,64067.58,,,,,,,,,"1H structure: BULLISH (HH_HL) | 1H momentum: BULLISH (27) | Channel: ASCENDING | Position: 100% | DOUBLE_BOTTOM at $60,898.89 | Neckline: $62,133.46 (37%) | Bearish Breaker Block $64,055.36-$64,067.58 (broke at $63,938.89) | Bullish Breaker Block $63,938.89-$64,067.58 (broke at $64,160.13) | Daily supply: $73370.85-$74020.76 | Daily demand: $59108.92-$63807.69 | Bullish confirmation candle: BULLISH_MARUBOZU",Price approaching demand $63962.65-$64007.23 ($1659 away) | Wait for sell-side liquidity sweep | Wait for bullish BOS/CHOCH on 5m,OFF_HOURS
2026-06-17 11:35:39,GOLD,4349.6,WATCH_NEUTRAL,NEUTRAL,0,False,4349.6,0,0,0,NEUTRAL,COMPRESSION,NEUTRAL,-2,NEUTRAL,-12,4356.39990234375,4369.7998046875,4349.10009765625,4354.0,4447.39990234375,4509.89990234375,4100.0,4200.0,V_TOP,83,4376.5,ASCENDING,0,0.0,DOUBLE_TOP,4376.5,4352.6,100,True,1,BULLISH,NONE,0,NONE,0,0,4235.0,4246.8,4231.6,4247.0,,,,,,,,,"1H structure: NEUTRAL (COMPRESSION) | V-Reversal: V_TOP at $4376.50 (83%) | Channel: ASCENDING | Position: 0% | DOUBLE_TOP at $4,376.50 | Neckline: $4,352.60 (100%) | Inside Bar x1 (BULLISH) | Break above $4,353.80 or below $4,348.90 | Bearish Breaker Block $4,235.00-$4,246.80 (broke at $4,231.60) | Bullish Breaker Block $4,231.60-$4,247.00 (broke at $4,247.90) | Daily supply: $4447.40-$4509.90 | Daily demand: $4100.00-$4200.00",1H structure NEUTRAL — wait for clear HH/HL or LH/LL,OFF_HOURS
2026-06-17 11:35:40,BTC,65666.18,WATCH_BUY,BULLISH,25,False,65666.18,63940.36,64905.35,0.44,BULLISH,HH_HL,BULLISH,27,STRONG_BULLISH,49,64066.78125,64905.3515625,63962.6484375,64007.23046875,73370.8515625,74020.7578125,59108.91796875,63807.69140625,NONE,0,0,ASCENDING,1,30.0,DOUBLE_BOTTOM,60898.89,62133.46,37,False,0,NONE,NONE,0,NONE,0,0,64055.36,64067.58,63938.89,64067.58,,,,,,,,,"1H structure: BULLISH (HH_HL) | 1H momentum: BULLISH (27) | Channel: ASCENDING | Position: 100% | DOUBLE_BOTTOM at $60,898.89 | Neckline: $62,133.46 (37%) | Bearish Breaker Block $64,055.36-$64,067.58 (broke at $63,938.89) | Bullish Breaker Block $63,938.89-$64,067.58 (broke at $64,160.13) | Daily supply: $73370.85-$74020.76 | Daily demand: $59108.92-$63807.69 | Bullish confirmation candle: BULLISH_MARUBOZU",Price approaching demand $63962.65-$64007.23 ($1659 away) | Wait for sell-side liquidity sweep | Wait for bullish BOS/CHOCH on 5m,OFF_HOURS
2026-06-17 11:35:55,GOLD,4349.6,WATCH_NEUTRAL,NEUTRAL,0,False,4349.6,0,0,0,NEUTRAL,COMPRESSION,NEUTRAL,-2,NEUTRAL,-12,4356.39990234375,4369.7998046875,4349.10009765625,4354.0,4447.39990234375,4509.89990234375,4100.0,4200.0,V_TOP,83,4376.5,ASCENDING,0,0.0,DOUBLE_TOP,4376.5,4352.6,100,True,1,BULLISH,NONE,0,NONE,0,0,4235.0,4246.8,4231.6,4247.0,,,,,,,,,"1H structure: NEUTRAL (COMPRESSION) | V-Reversal: V_TOP at $4376.50 (83%) | Channel: ASCENDING | Position: 0% | DOUBLE_TOP at $4,376.50 | Neckline: $4,352.60 (100%) | Inside Bar x1 (BULLISH) | Break above $4,353.80 or below $4,348.90 | Bearish Breaker Block $4,235.00-$4,246.80 (broke at $4,231.60) | Bullish Breaker Block $4,231.60-$4,247.00 (broke at $4,247.90) | Daily supply: $4447.40-$4509.90 | Daily demand: $4100.00-$4200.00",1H structure NEUTRAL — wait for clear HH/HL or LH/LL,OFF_HOURS
2026-06-17 11:35:59,BTC,64007.23,WATCH_BUY,BULLISH,25,False,64007.23,63940.36,64905.35,13.43,BULLISH,HH_HL,BULLISH,27,STRONG_BULLISH,49,64066.78125,64905.3515625,63962.6484375,64007.23046875,73370.8515625,74020.7578125,59108.91796875,63807.69140625,NONE,0,0,ASCENDING,1,30.0,DOUBLE_BOTTOM,60898.89,62133.46,37,False,0,NONE,NONE,0,NONE,0,0,64055.36,64067.58,63938.89,64067.58,,,,,,,,,"1H structure: BULLISH (HH_HL) | 1H momentum: BULLISH (27) | Channel: ASCENDING | Position: 100% | DOUBLE_BOTTOM at $60,898.89 | Neckline: $62,133.46 (37%) | Bearish Breaker Block $64,055.36-$64,067.58 (broke at $63,938.89) | Bullish Breaker Block $63,938.89-$64,067.58 (broke at $64,160.13) | Daily supply: $73370.85-$74020.76 | Daily demand: $59108.92-$63807.69 | Bullish confirmation candle: BULLISH_MARUBOZU",Price approaching demand $63962.65-$64007.23 ($1659 away) | Wait for sell-side liquidity sweep | Wait for bullish BOS/CHOCH on 5m,OFF_HOURS
2026-06-17 11:36:05,GOLD,4349.6,WATCH_NEUTRAL,NEUTRAL,0,False,4349.6,0,0,0,NEUTRAL,COMPRESSION,NEUTRAL,-2,NEUTRAL,-12,4356.39990234375,4369.7998046875,4349.10009765625,4354.0,4447.39990234375,4509.89990234375,4100.0,4200.0,V_TOP,83,4376.5,ASCENDING,0,0.0,DOUBLE_TOP,4376.5,4352.6,100,True,1,BULLISH,NONE,0,NONE,0,0,4235.0,4246.8,4231.6,4247.0,,,,,,,,,"1H structure: NEUTRAL (COMPRESSION) | V-Reversal: V_TOP at $4376.50 (83%) | Channel: ASCENDING | Position: 0% | DOUBLE_TOP at $4,376.50 | Neckline: $4,352.60 (100%) | Inside Bar x1 (BULLISH) | Break above $4,353.80 or below $4,348.90 | Bearish Breaker Block $4,235.00-$4,246.80 (broke at $4,231.60) | Bullish Breaker Block $4,231.60-$4,247.00 (broke at $4,247.90) | Daily supply: $4447.40-$4509.90 | Daily demand: $4100.00-$4200.00",1H structure NEUTRAL — wait for clear HH/HL or LH/LL,OFF_HOURS
2026-06-17 11:36:21,BTC,64007.23,WATCH_BUY,BULLISH,25,False,64007.23,63940.36,64905.35,13.43,BULLISH,HH_HL,BULLISH,27,STRONG_BULLISH,49,64066.78125,64905.3515625,63962.6484375,64007.23046875,73370.8515625,74020.7578125,59108.91796875,63807.69140625,NONE,0,0,ASCENDING,1,30.0,DOUBLE_BOTTOM,60898.89,62133.46,37,False,0,NONE,NONE,0,NONE,0,0,64055.36,64067.58,63938.89,64067.58,,,,,,,,,"1H structure: BULLISH (HH_HL) | 1H momentum: BULLISH (27) | Channel: ASCENDING | Position: 100% | DOUBLE_BOTTOM at $60,898.89 | Neckline: $62,133.46 (37%) | Bearish Breaker Block $64,055.36-$64,067.58 (broke at $63,938.89) | Bullish Breaker Block $63,938.89-$64,067.58 (broke at $64,160.13) | Daily supply: $73370.85-$74020.76 | Daily demand: $59108.92-$63807.69 | Bullish confirmation candle: BULLISH_MARUBOZU",Price approaching demand $63962.65-$64007.23 ($1659 away) | Wait for sell-side liquidity sweep | Wait for bullish BOS/CHOCH on 5m,OFF_HOURS
2026-06-17 11:36:28,GOLD,4356.4,WATCH_SELL,NEUTRAL,50,False,4356.4,4376.5,4349.1,0.36,NEUTRAL,COMPRESSION,STRONG_BEARISH,-64,BEARISH,-28,4356.39990234375,4369.7998046875,4349.10009765625,4354.0,4447.39990234375,4509.89990234375,4100.0,4200.0,V_TOP,83,4376.5,ASCENDING,0,0.0,DOUBLE_TOP,4376.5,4352.6,100,False,0,NONE,NONE,0,NONE,0,0,4235.0,4246.8,4231.6,4247.0,,,,,,,,,"1H structure: NEUTRAL (COMPRESSION) | 1H momentum: STRONG_BEARISH (-64) | V-Reversal: V_TOP at $4376.50 (83%) | Channel: ASCENDING | Position: 0% | DOUBLE_TOP at $4,376.50 | Neckline: $4,352.60 (100%) | Bearish Breaker Block $4,235.00-$4,246.80 (broke at $4,231.60) | Bullish Breaker Block $4,231.60-$4,247.00 (broke at $4,247.90) | Daily supply: $4447.40-$4509.90 | Daily demand: $4100.00-$4200.00 | Buy-side liquidity swept at $4353.60 | Bearish confirmation candle: BEARISH_MARUBOZU",Wait for price to reach supply $4356.40-$4369.80 ($12 away) | Wait for bearish BOS/CHOCH on 5m,OFF_HOURS
2026-06-17 11:36:36,BTC,65666.18,WATCH_BUY,BULLISH,25,False,65666.18,63940.36,64905.35,0.44,BULLISH,HH_HL,BULLISH,27,STRONG_BULLISH,49,64066.78125,64905.3515625,63962.6484375,64007.23046875,73370.8515625,74020.7578125,59108.91796875,63807.69140625,NONE,0,0,ASCENDING,1,30.0,DOUBLE_BOTTOM,60898.89,62133.46,37,False,0,NONE,NONE,0,NONE,0,0,64055.36,64067.58,63938.89,64067.58,,,,,,,,,"1H structure: BULLISH (HH_HL) | 1H momentum: BULLISH (27) | Channel: ASCENDING | Position: 100% | DOUBLE_BOTTOM at $60,898.89 | Neckline: $62,133.46 (37%) | Bearish Breaker Block $64,055.36-$64,067.58 (broke at $63,938.89) | Bullish Breaker Block $63,938.89-$64,067.58 (broke at $64,160.13) | Daily supply: $73370.85-$74020.76 | Daily demand: $59108.92-$63807.69 | Bullish confirmation candle: BULLISH_MARUBOZU",Price approaching demand $63962.65-$64007.23 ($1659 away) | Wait for sell-side liquidity sweep | Wait for bullish BOS/CHOCH on 5m,OFF_HOURS
2026-06-17 11:36:44,GOLD,4344.9,WATCH_SELL,NEUTRAL,50,False,4344.9,4376.5,4349.1,0.13,NEUTRAL,COMPRESSION,STRONG_BEARISH,-64,BEARISH,-28,4356.39990234375,4369.7998046875,4349.10009765625,4354.0,4447.39990234375,4509.89990234375,4100.0,4200.0,V_TOP,83,4376.5,ASCENDING,0,0.0,DOUBLE_TOP,4376.5,4352.6,100,False,0,NONE,NONE,0,NONE,0,0,4235.0,4246.8,4231.6,4247.0,,,,,,,,,"1H structure: NEUTRAL (COMPRESSION) | 1H momentum: STRONG_BEARISH (-64) | V-Reversal: V_TOP at $4376.50 (83%) | Channel: ASCENDING | Position: 0% | DOUBLE_TOP at $4,376.50 | Neckline: $4,352.60 (100%) | Bearish Breaker Block $4,235.00-$4,246.80 (broke at $4,231.60) | Bullish Breaker Block $4,231.60-$4,247.00 (broke at $4,247.90) | Daily supply: $4447.40-$4509.90 | Daily demand: $4100.00-$4200.00 | Buy-side liquidity swept at $4353.60 | Bearish confirmation candle: BEARISH_MARUBOZU",Wait for price to reach supply $4356.40-$4369.80 ($12 away) | Wait for bearish BOS/CHOCH on 5m,OFF_HOURS
2026-06-17 11:36:47,BTC,65666.18,WATCH_BUY,BULLISH,25,False,65666.18,63940.36,64905.35,0.44,BULLISH,HH_HL,BULLISH,27,STRONG_BULLISH,49,64066.78125,64905.3515625,63962.6484375,64007.23046875,73370.8515625,74020.7578125,59108.91796875,63807.69140625,NONE,0,0,ASCENDING,1,30.0,DOUBLE_BOTTOM,60898.89,62133.46,37,False,0,NONE,NONE,0,NONE,0,0,64055.36,64067.58,63938.89,64067.58,,,,,,,,,"1H structure: BULLISH (HH_HL) | 1H momentum: BULLISH (27) | Channel: ASCENDING | Position: 100% | DOUBLE_BOTTOM at $60,898.89 | Neckline: $62,133.46 (37%) | Bearish Breaker Block $64,055.36-$64,067.58 (broke at $63,938.89) | Bullish Breaker Block $63,938.89-$64,067.58 (broke at $64,160.13) | Daily supply: $73370.85-$74020.76 | Daily demand: $59108.92-$63807.69 | Bullish confirmation candle: BULLISH_MARUBOZU",Price approaching demand $63962.65-$64007.23 ($1659 away) | Wait for sell-side liquidity sweep | Wait for bullish BOS/CHOCH on 5m,OFF_HOURS
2026-06-17 11:36:58,GOLD,4356.4,WATCH_SELL,NEUTRAL,50,False,4356.4,4376.5,4349.1,0.36,NEUTRAL,COMPRESSION,STRONG_BEARISH,-64,BEARISH,-28,4356.39990234375,4369.7998046875,4349.10009765625,4354.0,4447.39990234375,4509.89990234375,4100.0,4200.0,V_TOP,83,4376.5,ASCENDING,0,0.0,DOUBLE_TOP,4376.5,4352.6,100,False,0,NONE,NONE,0,NONE,0,0,4235.0,4246.8,4231.6,4247.0,,,,,,,,,"1H structure: NEUTRAL (COMPRESSION) | 1H momentum: STRONG_BEARISH (-64) | V-Reversal: V_TOP at $4376.50 (83%) | Channel: ASCENDING | Position: 0% | DOUBLE_TOP at $4,376.50 | Neckline: $4,352.60 (100%) | Bearish Breaker Block $4,235.00-$4,246.80 (broke at $4,231.60) | Bullish Breaker Block $4,231.60-$4,247.00 (broke at $4,247.90) | Daily supply: $4447.40-$4509.90 | Daily demand: $4100.00-$4200.00 | Buy-side liquidity swept at $4353.60 | Bearish confirmation candle: BEARISH_MARUBOZU",Wait for price to reach supply $4356.40-$4369.80 ($12 away) | Wait for bearish BOS/CHOCH on 5m,OFF_HOURS
2026-06-17 11:37:07,BTC,64007.23,WATCH_BUY,BULLISH,25,False,64007.23,63940.36,64905.35,13.43,BULLISH,HH_HL,BULLISH,27,STRONG_BULLISH,49,64066.78125,64905.3515625,63962.6484375,64007.23046875,73370.8515625,74020.7578125,59108.91796875,63807.69140625,NONE,0,0,ASCENDING,1,30.0,DOUBLE_BOTTOM,60898.89,62133.46,37,False,0,NONE,NONE,0,NONE,0,0,64055.36,64067.58,63938.89,64067.58,,,,,,,,,"1H structure: BULLISH (HH_HL) | 1H momentum: BULLISH (27) | Channel: ASCENDING | Position: 100% | DOUBLE_BOTTOM at $60,898.89 | Neckline: $62,133.46 (37%) | Bearish Breaker Block $64,055.36-$64,067.58 (broke at $63,938.89) | Bullish Breaker Block $63,938.89-$64,067.58 (broke at $64,160.13) | Daily supply: $73370.85-$74020.76 | Daily demand: $59108.92-$63807.69 | Bullish confirmation candle: BULLISH_MARUBOZU",Price approaching demand $63962.65-$64007.23 ($1659 away) | Wait for sell-side liquidity sweep | Wait for bullish BOS/CHOCH on 5m,OFF_HOURS
2026-06-17 11:37:09,GOLD,4345.5,WATCH_SELL,NEUTRAL,25,False,4345.5,4376.5,4349.1,0.12,NEUTRAL,COMPRESSION,STRONG_BEARISH,-64,BEARISH,-28,4356.39990234375,4369.7998046875,4349.10009765625,4354.0,4447.39990234375,4509.89990234375,4100.0,4200.0,V_TOP,83,4376.5,ASCENDING,0,0.0,DOUBLE_TOP,4376.5,4352.6,100,False,0,NONE,NONE,0,NONE,0,0,4235.0,4246.8,4231.6,4247.0,,,,,,,,,"1H structure: NEUTRAL (COMPRESSION) | 1H momentum: STRONG_BEARISH (-64) | V-Reversal: V_TOP at $4376.50 (83%) | Channel: ASCENDING | Position: 0% | DOUBLE_TOP at $4,376.50 | Neckline: $4,352.60 (100%) | Bearish Breaker Block $4,235.00-$4,246.80 (broke at $4,231.60) | Bullish Breaker Block $4,231.60-$4,247.00 (broke at $4,247.90) | Daily supply: $4447.40-$4509.90 | Daily demand: $4100.00-$4200.00 | Buy-side liquidity swept at $4353.60",Wait for price to reach supply $4356.40-$4369.80 ($11 away) | Wait for bearish confirmation candle | Wait for bearish BOS/CHOCH on 5m,OFF_HOURS
2026-06-17 11:37:29,BTC,64007.23,WATCH_BUY,BULLISH,25,False,64007.23,63940.36,64905.35,13.43,BULLISH,HH_HL,BULLISH,27,STRONG_BULLISH,49,64066.78125,64905.3515625,63962.6484375,64007.23046875,73370.8515625,74020.7578125,59108.91796875,63807.69140625,NONE,0,0,ASCENDING,1,30.0,DOUBLE_BOTTOM,60898.89,62133.46,37,False,0,NONE,NONE,0,NONE,0,0,64055.36,64067.58,63938.89,64067.58,,,,,,,,,"1H structure: BULLISH (HH_HL) | 1H momentum: BULLISH (27) | Channel: ASCENDING | Position: 100% | DOUBLE_BOTTOM at $60,898.89 | Neckline: $62,133.46 (37%) | Bearish Breaker Block $64,055.36-$64,067.58 (broke at $63,938.89) | Bullish Breaker Block $63,938.89-$64,067.58 (broke at $64,160.13) | Daily supply: $73370.85-$74020.76 | Daily demand: $59108.92-$63807.69 | Bullish confirmation candle: BULLISH_MARUBOZU",Price approaching demand $63962.65-$64007.23 ($1659 away) | Wait for sell-side liquidity sweep | Wait for bullish BOS/CHOCH on 5m,OFF_HOURS
2026-06-17 11:37:32,GOLD,4356.4,WATCH_SELL,NEUTRAL,25,False,4356.4,4376.5,4349.1,0.36,NEUTRAL,COMPRESSION,STRONG_BEARISH,-64,BEARISH,-28,4356.39990234375,4369.7998046875,4349.10009765625,4354.0,4447.39990234375,4509.89990234375,4100.0,4200.0,V_TOP,83,4376.5,ASCENDING,0,0.0,DOUBLE_TOP,4376.5,4352.6,100,False,0,NONE,NONE,0,NONE,0,0,4235.0,4246.8,4231.6,4247.0,,,,,,,,,"1H structure: NEUTRAL (COMPRESSION) | 1H momentum: STRONG_BEARISH (-64) | V-Reversal: V_TOP at $4376.50 (83%) | Channel: ASCENDING | Position: 0% | DOUBLE_TOP at $4,376.50 | Neckline: $4,352.60 (100%) | Bearish Breaker Block $4,235.00-$4,246.80 (broke at $4,231.60) | Bullish Breaker Block $4,231.60-$4,247.00 (broke at $4,247.90) | Daily supply: $4447.40-$4509.90 | Daily demand: $4100.00-$4200.00 | Buy-side liquidity swept at $4353.60",Wait for price to reach supply $4356.40-$4369.80 ($11 away) | Wait for bearish confirmation candle | Wait for bearish BOS/CHOCH on 5m,OFF_HOURS
2026-06-17 11:37:43,BTC,65666.18,WATCH_BUY,BULLISH,25,False,65666.18,63940.36,64905.35,0.44,BULLISH,HH_HL,BULLISH,27,STRONG_BULLISH,49,64066.78125,64905.3515625,63962.6484375,64007.23046875,73370.8515625,74020.7578125,59108.91796875,63807.69140625,NONE,0,0,ASCENDING,1,30.0,DOUBLE_BOTTOM,60898.89,62133.46,37,False,0,NONE,NONE,0,NONE,0,0,64055.36,64067.58,63938.89,64067.58,,,,,,,,,"1H structure: BULLISH (HH_HL) | 1H momentum: BULLISH (27) | Channel: ASCENDING | Position: 100% | DOUBLE_BOTTOM at $60,898.89 | Neckline: $62,133.46 (37%) | Bearish Breaker Block $64,055.36-$64,067.58 (broke at $63,938.89) | Bullish Breaker Block $63,938.89-$64,067.58 (broke at $64,160.13) | Daily supply: $73370.85-$74020.76 | Daily demand: $59108.92-$63807.69 | Bullish confirmation candle: BULLISH_MARUBOZU",Price approaching demand $63962.65-$64007.23 ($1659 away) | Wait for sell-side liquidity sweep | Wait for bullish BOS/CHOCH on 5m,OFF_HOURS
2026-06-17 11:37:48,GOLD,4345.5,WATCH_SELL,NEUTRAL,25,False,4345.5,4376.5,4349.1,0.12,NEUTRAL,COMPRESSION,STRONG_BEARISH,-64,BEARISH,-28,4356.39990234375,4369.7998046875,4349.10009765625,4354.0,4447.39990234375,4509.89990234375,4100.0,4200.0,V_TOP,83,4376.5,ASCENDING,0,0.0,DOUBLE_TOP,4376.5,4352.6,100,False,0,NONE,NONE,0,NONE,0,0,4235.0,4246.8,4231.6,4247.0,,,,,,,,,"1H structure: NEUTRAL (COMPRESSION) | 1H momentum: STRONG_BEARISH (-64) | V-Reversal: V_TOP at $4376.50 (83%) | Channel: ASCENDING | Position: 0% | DOUBLE_TOP at $4,376.50 | Neckline: $4,352.60 (100%) | Bearish Breaker Block $4,235.00-$4,246.80 (broke at $4,231.60) | Bullish Breaker Block $4,231.60-$4,247.00 (broke at $4,247.90) | Daily supply: $4447.40-$4509.90 | Daily demand: $4100.00-$4200.00 | Buy-side liquidity swept at $4353.60",Wait for price to reach supply $4356.40-$4369.80 ($11 away) | Wait for bearish confirmation candle | Wait for bearish BOS/CHOCH on 5m,OFF_HOURS
2026-06-17 11:37:55,BTC,65666.18,WATCH_BUY,BULLISH,25,False,65666.18,63940.36,64905.35,0.44,BULLISH,HH_HL,BULLISH,27,STRONG_BULLISH,49,64066.78125,64905.3515625,63962.6484375,64007.23046875,73370.8515625,74020.7578125,59108.91796875,63807.69140625,NONE,0,0,ASCENDING,1,30.0,DOUBLE_BOTTOM,60898.89,62133.46,37,False,0,NONE,NONE,0,NONE,0,0,64055.36,64067.58,63938.89,64067.58,,,,,,,,,"1H structure: BULLISH (HH_HL) | 1H momentum: BULLISH (27) | Channel: ASCENDING | Position: 100% | DOUBLE_BOTTOM at $60,898.89 | Neckline: $62,133.46 (37%) | Bearish Breaker Block $64,055.36-$64,067.58 (broke at $63,938.89) | Bullish Breaker Block $63,938.89-$64,067.58 (broke at $64,160.13) | Daily supply: $73370.85-$74020.76 | Daily demand: $59108.92-$63807.69 | Bullish confirmation candle: BULLISH_MARUBOZU",Price approaching demand $63962.65-$64007.23 ($1659 away) | Wait for sell-side liquidity sweep | Wait for bullish BOS/CHOCH on 5m,OFF_HOURS
2026-06-17 11:38:02,GOLD,4356.4,WATCH_SELL,NEUTRAL,25,False,4356.4,4376.5,4349.1,0.36,NEUTRAL,COMPRESSION,STRONG_BEARISH,-64,BEARISH,-28,4356.39990234375,4369.7998046875,4349.10009765625,4354.0,4447.39990234375,4509.89990234375,4100.0,4200.0,V_TOP,83,4376.5,ASCENDING,0,0.0,DOUBLE_TOP,4376.5,4352.6,100,False,0,NONE,NONE,0,NONE,0,0,4235.0,4246.8,4231.6,4247.0,,,,,,,,,"1H structure: NEUTRAL (COMPRESSION) | 1H momentum: STRONG_BEARISH (-64) | V-Reversal: V_TOP at $4376.50 (83%) | Channel: ASCENDING | Position: 0% | DOUBLE_TOP at $4,376.50 | Neckline: $4,352.60 (100%) | Bearish Breaker Block $4,235.00-$4,246.80 (broke at $4,231.60) | Bullish Breaker Block $4,231.60-$4,247.00 (broke at $4,247.90) | Daily supply: $4447.40-$4509.90 | Daily demand: $4100.00-$4200.00 | Buy-side liquidity swept at $4353.60",Wait for price to reach supply $4356.40-$4369.80 ($11 away) | Wait for bearish confirmation candle | Wait for bearish BOS/CHOCH on 5m,OFF_HOURS
2026-06-17 11:38:12,GOLD,4346.2,WATCH_NEUTRAL,NEUTRAL,0,False,4346.2,0,0,0,NEUTRAL,COMPRESSION,NEUTRAL,-15,BEARISH,-27,4356.39990234375,4369.7998046875,4349.10009765625,4354.0,4447.39990234375,4509.89990234375,4100.0,4200.0,V_TOP,83,4376.5,ASCENDING,0,0.0,DOUBLE_TOP,4376.5,4352.6,100,False,0,NONE,NONE,0,NONE,0,0,4235.0,4246.8,4231.6,4247.0,,,,,,,,,"1H structure: NEUTRAL (COMPRESSION) | V-Reversal: V_TOP at $4376.50 (83%) | Channel: ASCENDING | Position: 0% | DOUBLE_TOP at $4,376.50 | Neckline: $4,352.60 (100%) | Bearish Breaker Block $4,235.00-$4,246.80 (broke at $4,231.60) | Bullish Breaker Block $4,231.60-$4,247.00 (broke at $4,247.90) | Daily supply: $4447.40-$4509.90 | Daily demand: $4100.00-$4200.00",1H structure NEUTRAL — wait for clear HH/HL or LH/LL,OFF_HOURS
2026-06-17 11:38:16,BTC,64007.23,WATCH_BUY,BULLISH,25,False,64007.23,63940.36,64905.35,13.43,BULLISH,HH_HL,BULLISH,27,STRONG_BULLISH,49,64066.78125,64905.3515625,63962.6484375,64007.23046875,73370.8515625,74020.7578125,59108.91796875,63807.69140625,NONE,0,0,ASCENDING,1,30.0,DOUBLE_BOTTOM,60898.89,62133.46,37,False,0,NONE,NONE,0,NONE,0,0,64055.36,64067.58,63938.89,64067.58,,,,,,,,,"1H structure: BULLISH (HH_HL) | 1H momentum: BULLISH (27) | Channel: ASCENDING | Position: 100% | DOUBLE_BOTTOM at $60,898.89 | Neckline: $62,133.46 (37%) | Bearish Breaker Block $64,055.36-$64,067.58 (broke at $63,938.89) | Bullish Breaker Block $63,938.89-$64,067.58 (broke at $64,160.13) | Daily supply: $73370.85-$74020.76 | Daily demand: $59108.92-$63807.69 | Bullish confirmation candle: BULLISH_MARUBOZU",Price approaching demand $63962.65-$64007.23 ($1659 away) | Wait for sell-side liquidity sweep | Wait for bullish BOS/CHOCH on 5m,OFF_HOURS
2026-06-17 11:38:35,GOLD,4346.2,WATCH_NEUTRAL,NEUTRAL,0,False,4346.2,0,0,0,NEUTRAL,COMPRESSION,NEUTRAL,-15,BEARISH,-27,4356.39990234375,4369.7998046875,4349.10009765625,4354.0,4447.39990234375,4509.89990234375,4100.0,4200.0,V_TOP,83,4376.5,ASCENDING,0,0.0,DOUBLE_TOP,4376.5,4352.6,100,False,0,NONE,NONE,0,NONE,0,0,4235.0,4246.8,4231.6,4247.0,,,,,,,,,"1H structure: NEUTRAL (COMPRESSION) | V-Reversal: V_TOP at $4376.50 (83%) | Channel: ASCENDING | Position: 0% | DOUBLE_TOP at $4,376.50 | Neckline: $4,352.60 (100%) | Bearish Breaker Block $4,235.00-$4,246.80 (broke at $4,231.60) | Bullish Breaker Block $4,231.60-$4,247.00 (broke at $4,247.90) | Daily supply: $4447.40-$4509.90 | Daily demand: $4100.00-$4200.00",1H structure NEUTRAL — wait for clear HH/HL or LH/LL,OFF_HOURS
2026-06-17 11:38:36,BTC,64007.23,WATCH_BUY,BULLISH,25,False,64007.23,63940.36,64905.35,13.43,BULLISH,HH_HL,BULLISH,27,STRONG_BULLISH,49,64066.78125,64905.3515625,63962.6484375,64007.23046875,73370.8515625,74020.7578125,59108.91796875,63807.69140625,NONE,0,0,ASCENDING,1,30.0,DOUBLE_BOTTOM,60898.89,62133.46,37,False,0,NONE,NONE,0,NONE,0,0,64055.36,64067.58,63938.89,64067.58,,,,,,,,,"1H structure: BULLISH (HH_HL) | 1H momentum: BULLISH (27) | Channel: ASCENDING | Position: 100% | DOUBLE_BOTTOM at $60,898.89 | Neckline: $62,133.46 (37%) | Bearish Breaker Block $64,055.36-$64,067.58 (broke at $63,938.89) | Bullish Breaker Block $63,938.89-$64,067.58 (broke at $64,160.13) | Daily supply: $73370.85-$74020.76 | Daily demand: $59108.92-$63807.69 | Bullish confirmation candle: BULLISH_MARUBOZU",Price approaching demand $63962.65-$64007.23 ($1659 away) | Wait for sell-side liquidity sweep | Wait for bullish BOS/CHOCH on 5m,OFF_HOURS
2026-06-17 11:38:51,BTC,65666.18,WATCH_BUY,BULLISH,25,False,65666.18,63940.36,64905.35,0.44,BULLISH,HH_HL,BULLISH,27,STRONG_BULLISH,49,64066.78125,64905.3515625,63962.6484375,64007.23046875,73370.8515625,74020.7578125,59108.91796875,63807.69140625,NONE,0,0,ASCENDING,1,30.0,DOUBLE_BOTTOM,60898.89,62133.46,37,False,0,NONE,NONE,0,NONE,0,0,64055.36,64067.58,63938.89,64067.58,,,,,,,,,"1H structure: BULLISH (HH_HL) | 1H momentum: BULLISH (27) | Channel: ASCENDING | Position: 100% | DOUBLE_BOTTOM at $60,898.89 | Neckline: $62,133.46 (37%) | Bearish Breaker Block $64,055.36-$64,067.58 (broke at $63,938.89) | Bullish Breaker Block $63,938.89-$64,067.58 (broke at $64,160.13) | Daily supply: $73370.85-$74020.76 | Daily demand: $59108.92-$63807.69 | Bullish confirmation candle: BULLISH_MARUBOZU",Price approaching demand $63962.65-$64007.23 ($1659 away) | Wait for sell-side liquidity sweep | Wait for bullish BOS/CHOCH on 5m,OFF_HOURS
2026-06-17 11:38:52,GOLD,4346.2,WATCH_NEUTRAL,NEUTRAL,0,False,4346.2,0,0,0,NEUTRAL,COMPRESSION,NEUTRAL,-15,BEARISH,-27,4356.39990234375,4369.7998046875,4349.10009765625,4354.0,4447.39990234375,4509.89990234375,4100.0,4200.0,V_TOP,83,4376.5,ASCENDING,0,0.0,DOUBLE_TOP,4376.5,4352.6,100,False,0,NONE,NONE,0,NONE,0,0,4235.0,4246.8,4231.6,4247.0,,,,,,,,,"1H structure: NEUTRAL (COMPRESSION) | V-Reversal: V_TOP at $4376.50 (83%) | Channel: ASCENDING | Position: 0% | DOUBLE_TOP at $4,376.50 | Neckline: $4,352.60 (100%) | Bearish Breaker Block $4,235.00-$4,246.80 (broke at $4,231.60) | Bullish Breaker Block $4,231.60-$4,247.00 (broke at $4,247.90) | Daily supply: $4447.40-$4509.90 | Daily demand: $4100.00-$4200.00",1H structure NEUTRAL — wait for clear HH/HL or LH/LL,OFF_HOURS
2026-06-17 11:39:03,BTC,65666.18,WATCH_BUY,BULLISH,25,False,65666.18,63940.36,64905.35,0.44,BULLISH,HH_HL,BULLISH,27,STRONG_BULLISH,49,64066.78125,64905.3515625,63962.6484375,64007.23046875,73370.8515625,74020.7578125,59108.91796875,63807.69140625,NONE,0,0,ASCENDING,1,30.0,DOUBLE_BOTTOM,60898.89,62133.46,37,False,0,NONE,NONE,0,NONE,0,0,64055.36,64067.58,63938.89,64067.58,,,,,,,,,"1H structure: BULLISH (HH_HL) | 1H momentum: BULLISH (27) | Channel: ASCENDING | Position: 100% | DOUBLE_BOTTOM at $60,898.89 | Neckline: $62,133.46 (37%) | Bearish Breaker Block $64,055.36-$64,067.58 (broke at $63,938.89) | Bullish Breaker Block $63,938.89-$64,067.58 (broke at $64,160.13) | Daily supply: $73370.85-$74020.76 | Daily demand: $59108.92-$63807.69 | Bullish confirmation candle: BULLISH_MARUBOZU",Price approaching demand $63962.65-$64007.23 ($1659 away) | Wait for sell-side liquidity sweep | Wait for bullish BOS/CHOCH on 5m,OFF_HOURS
2026-06-17 11:39:05,GOLD,4346.2,WATCH_NEUTRAL,NEUTRAL,0,False,4346.2,0,0,0,NEUTRAL,COMPRESSION,NEUTRAL,-15,BEARISH,-27,4356.39990234375,4369.7998046875,4349.10009765625,4354.0,4447.39990234375,4509.89990234375,4100.0,4200.0,V_TOP,83,4376.5,ASCENDING,0,0.0,DOUBLE_TOP,4376.5,4352.6,100,False,0,NONE,NONE,0,NONE,0,0,4235.0,4246.8,4231.6,4247.0,,,,,,,,,"1H structure: NEUTRAL (COMPRESSION) | V-Reversal: V_TOP at $4376.50 (83%) | Channel: ASCENDING | Position: 0% | DOUBLE_TOP at $4,376.50 | Neckline: $4,352.60 (100%) | Bearish Breaker Block $4,235.00-$4,246.80 (broke at $4,231.60) | Bullish Breaker Block $4,231.60-$4,247.00 (broke at $4,247.90) | Daily supply: $4447.40-$4509.90 | Daily demand: $4100.00-$4200.00",1H structure NEUTRAL — wait for clear HH/HL or LH/LL,OFF_HOURS
2026-06-17 11:39:16,GOLD,4346.2,WATCH_SELL,NEUTRAL,25,False,4346.2,4376.5,4349.1,0.1,NEUTRAL,COMPRESSION,STRONG_BEARISH,-63,BEARISH,-27,4356.39990234375,4369.7998046875,4349.10009765625,4354.0,4447.39990234375,4509.89990234375,4100.0,4200.0,V_TOP,83,4376.5,ASCENDING,0,0.0,DOUBLE_TOP,4376.5,4352.6,100,False,0,NONE,NONE,0,NONE,0,0,4235.0,4246.8,4231.6,4247.0,,,,,,,,,"1H structure: NEUTRAL (COMPRESSION) | 1H momentum: STRONG_BEARISH (-63) | V-Reversal: V_TOP at $4376.50 (83%) | Channel: ASCENDING | Position: 0% | DOUBLE_TOP at $4,376.50 | Neckline: $4,352.60 (100%) | Bearish Breaker Block $4,235.00-$4,246.80 (broke at $4,231.60) | Bullish Breaker Block $4,231.60-$4,247.00 (broke at $4,247.90) | Daily supply: $4447.40-$4509.90 | Daily demand: $4100.00-$4200.00 | Buy-side liquidity swept at $4353.60",Wait for price to reach supply $4356.40-$4369.80 ($10 away) | Wait for bearish confirmation candle | Wait for bearish BOS/CHOCH on 5m,OFF_HOURS
2026-06-17 11:39:24,BTC,64007.23,WATCH_BUY,BULLISH,25,False,64007.23,63940.36,64905.35,13.43,BULLISH,HH_HL,BULLISH,27,STRONG_BULLISH,49,64066.78125,64905.3515625,63962.6484375,64007.23046875,73370.8515625,74020.7578125,59108.91796875,63807.69140625,NONE,0,0,ASCENDING,1,30.0,DOUBLE_BOTTOM,60898.89,62133.46,37,False,0,NONE,NONE,0,NONE,0,0,64055.36,64067.58,63938.89,64067.58,,,,,,,,,"1H structure: BULLISH (HH_HL) | 1H momentum: BULLISH (27) | Channel: ASCENDING | Position: 100% | DOUBLE_BOTTOM at $60,898.89 | Neckline: $62,133.46 (37%) | Bearish Breaker Block $64,055.36-$64,067.58 (broke at $63,938.89) | Bullish Breaker Block $63,938.89-$64,067.58 (broke at $64,160.13) | Daily supply: $73370.85-$74020.76 | Daily demand: $59108.92-$63807.69 | Bullish confirmation candle: BULLISH_MARUBOZU",Price approaching demand $63962.65-$64007.23 ($1659 away) | Wait for sell-side liquidity sweep | Wait for bullish BOS/CHOCH on 5m,OFF_HOURS
2026-06-17 11:39:38,GOLD,4356.4,WATCH_SELL,NEUTRAL,25,False,4356.4,4376.5,4349.1,0.36,NEUTRAL,COMPRESSION,STRONG_BEARISH,-63,BEARISH,-27,4356.39990234375,4369.7998046875,4349.10009765625,4354.0,4447.39990234375,4509.89990234375,4100.0,4200.0,V_TOP,83,4376.5,ASCENDING,0,0.0,DOUBLE_TOP,4376.5,4352.6,100,False,0,NONE,NONE,0,NONE,0,0,4235.0,4246.8,4231.6,4247.0,,,,,,,,,"1H structure: NEUTRAL (COMPRESSION) | 1H momentum: STRONG_BEARISH (-63) | V-Reversal: V_TOP at $4376.50 (83%) | Channel: ASCENDING | Position: 0% | DOUBLE_TOP at $4,376.50 | Neckline: $4,352.60 (100%) | Bearish Breaker Block $4,235.00-$4,246.80 (broke at $4,231.60) | Bullish Breaker Block $4,231.60-$4,247.00 (broke at $4,247.90) | Daily supply: $4447.40-$4509.90 | Daily demand: $4100.00-$4200.00 | Buy-side liquidity swept at $4353.60",Wait for price to reach supply $4356.40-$4369.80 ($10 away) | Wait for bearish confirmation candle | Wait for bearish BOS/CHOCH on 5m,OFF_HOURS
2026-06-17 11:39:44,BTC,64007.23,WATCH_BUY,BULLISH,25,False,64007.23,63940.36,64905.35,13.43,BULLISH,HH_HL,BULLISH,27,STRONG_BULLISH,49,64066.78125,64905.3515625,63962.6484375,64007.23046875,73370.8515625,74020.7578125,59108.91796875,63807.69140625,NONE,0,0,ASCENDING,1,30.0,DOUBLE_BOTTOM,60898.89,62133.46,37,False,0,NONE,NONE,0,NONE,0,0,64055.36,64067.58,63938.89,64067.58,,,,,,,,,"1H structure: BULLISH (HH_HL) | 1H momentum: BULLISH (27) | Channel: ASCENDING | Position: 100% | DOUBLE_BOTTOM at $60,898.89 | Neckline: $62,133.46 (37%) | Bearish Breaker Block $64,055.36-$64,067.58 (broke at $63,938.89) | Bullish Breaker Block $63,938.89-$64,067.58 (broke at $64,160.13) | Daily supply: $73370.85-$74020.76 | Daily demand: $59108.92-$63807.69 | Bullish confirmation candle: BULLISH_MARUBOZU",Price approaching demand $63962.65-$64007.23 ($1659 away) | Wait for sell-side liquidity sweep | Wait for bullish BOS/CHOCH on 5m,OFF_HOURS
2026-06-17 11:39:56,GOLD,4346.1,WATCH_SELL,NEUTRAL,25,False,4346.1,4376.5,4349.1,0.1,NEUTRAL,COMPRESSION,STRONG_BEARISH,-63,BEARISH,-27,4356.39990234375,4369.7998046875,4349.10009765625,4354.0,4447.39990234375,4509.89990234375,4100.0,4200.0,V_TOP,83,4376.5,ASCENDING,0,0.0,DOUBLE_TOP,4376.5,4352.6,100,False,0,NONE,NONE,0,NONE,0,0,4235.0,4246.8,4231.6,4247.0,,,,,,,,,"1H structure: NEUTRAL (COMPRESSION) | 1H momentum: STRONG_BEARISH (-63) | V-Reversal: V_TOP at $4376.50 (83%) | Channel: ASCENDING | Position: 0% | DOUBLE_TOP at $4,376.50 | Neckline: $4,352.60 (100%) | Bearish Breaker Block $4,235.00-$4,246.80 (broke at $4,231.60) | Bullish Breaker Block $4,231.60-$4,247.00 (broke at $4,247.90) | Daily supply: $4447.40-$4509.90 | Daily demand: $4100.00-$4200.00 | Buy-side liquidity swept at $4353.60",Wait for price to reach supply $4356.40-$4369.80 ($10 away) | Wait for bearish confirmation candle | Wait for bearish BOS/CHOCH on 5m,OFF_HOURS
2026-06-17 11:39:58,BTC,65666.18,WATCH_BUY,BULLISH,25,False,65666.18,63940.36,64905.35,0.44,BULLISH,HH_HL,BULLISH,27,STRONG_BULLISH,49,64066.78125,64905.3515625,63962.6484375,64007.23046875,73370.8515625,74020.7578125,59108.91796875,63807.69140625,NONE,0,0,ASCENDING,1,30.0,DOUBLE_BOTTOM,60898.89,62133.46,37,False,0,NONE,NONE,0,NONE,0,0,64055.36,64067.58,63938.89,64067.58,,,,,,,,,"1H structure: BULLISH (HH_HL) | 1H momentum: BULLISH (27) | Channel: ASCENDING | Position: 100% | DOUBLE_BOTTOM at $60,898.89 | Neckline: $62,133.46 (37%) | Bearish Breaker Block $64,055.36-$64,067.58 (broke at $63,938.89) | Bullish Breaker Block $63,938.89-$64,067.58 (broke at $64,160.13) | Daily supply: $73370.85-$74020.76 | Daily demand: $59108.92-$63807.69 | Bullish confirmation candle: BULLISH_MARUBOZU",Price approaching demand $63962.65-$64007.23 ($1659 away) | Wait for sell-side liquidity sweep | Wait for bullish BOS/CHOCH on 5m,OFF_HOURS
2026-06-17 11:40:08,GOLD,4356.4,WATCH_SELL,NEUTRAL,25,False,4356.4,4376.5,4349.1,0.36,NEUTRAL,COMPRESSION,STRONG_BEARISH,-63,BEARISH,-27,4356.39990234375,4369.7998046875,4349.10009765625,4354.0,4447.39990234375,4509.89990234375,4100.0,4200.0,V_TOP,83,4376.5,ASCENDING,0,0.0,DOUBLE_TOP,4376.5,4352.6,100,False,0,NONE,NONE,0,NONE,0,0,4235.0,4246.8,4231.6,4247.0,,,,,,,,,"1H structure: NEUTRAL (COMPRESSION) | 1H momentum: STRONG_BEARISH (-63) | V-Reversal: V_TOP at $4376.50 (83%) | Channel: ASCENDING | Position: 0% | DOUBLE_TOP at $4,376.50 | Neckline: $4,352.60 (100%) | Bearish Breaker Block $4,235.00-$4,246.80 (broke at $4,231.60) | Bullish Breaker Block $4,231.60-$4,247.00 (broke at $4,247.90) | Daily supply: $4447.40-$4509.90 | Daily demand: $4100.00-$4200.00 | Buy-side liquidity swept at $4353.60",Wait for price to reach supply $4356.40-$4369.80 ($10 away) | Wait for bearish confirmation candle | Wait for bearish BOS/CHOCH on 5m,OFF_HOURS
2026-06-17 11:40:10,BTC,65666.18,WATCH_BUY,BULLISH,25,False,65666.18,63940.36,64905.35,0.44,BULLISH,HH_HL,BULLISH,27,STRONG_BULLISH,49,64066.78125,64905.3515625,63962.6484375,64007.23046875,73370.8515625,74020.7578125,59108.91796875,63807.69140625,NONE,0,0,ASCENDING,1,30.0,DOUBLE_BOTTOM,60898.89,62133.46,37,False,0,NONE,NONE,0,NONE,0,0,64055.36,64067.58,63938.89,64067.58,,,,,,,,,"1H structure: BULLISH (HH_HL) | 1H momentum: BULLISH (27) | Channel: ASCENDING | Position: 100% | DOUBLE_BOTTOM at $60,898.89 | Neckline: $62,133.46 (37%) | Bearish Breaker Block $64,055.36-$64,067.58 (broke at $63,938.89) | Bullish Breaker Block $63,938.89-$64,067.58 (broke at $64,160.13) | Daily supply: $73370.85-$74020.76 | Daily demand: $59108.92-$63807.69 | Bullish confirmation candle: BULLISH_MARUBOZU",Price approaching demand $63962.65-$64007.23 ($1659 away) | Wait for sell-side liquidity sweep | Wait for bullish BOS/CHOCH on 5m,OFF_HOURS
2026-06-17 11:40:19,GOLD,4346.1,WATCH_SELL,NEUTRAL,25,False,4346.1,4376.5,4349.1,0.1,NEUTRAL,COMPRESSION,STRONG_BEARISH,-63,BEARISH,-27,4356.39990234375,4369.7998046875,4349.10009765625,4354.0,4447.39990234375,4509.89990234375,4100.0,4200.0,V_TOP,83,4376.5,ASCENDING,0,0.0,DOUBLE_TOP,4376.5,4352.6,100,False,0,NONE,NONE,0,NONE,0,0,4235.0,4246.8,4231.6,4247.0,,,,,,,,,"1H structure: NEUTRAL (COMPRESSION) | 1H momentum: STRONG_BEARISH (-63) | V-Reversal: V_TOP at $4376.50 (83%) | Channel: ASCENDING | Position: 0% | DOUBLE_TOP at $4,376.50 | Neckline: $4,352.60 (100%) | Bearish Breaker Block $4,235.00-$4,246.80 (broke at $4,231.60) | Bullish Breaker Block $4,231.60-$4,247.00 (broke at $4,247.90) | Daily supply: $4447.40-$4509.90 | Daily demand: $4100.00-$4200.00 | Buy-side liquidity swept at $4353.60",Wait for price to reach supply $4356.40-$4369.80 ($10 away) | Wait for bearish confirmation candle | Wait for bearish BOS/CHOCH on 5m,OFF_HOURS
2026-06-17 11:40:31,BTC,64007.23,WATCH_BUY,BULLISH,25,False,64007.23,63940.36,64905.35,13.43,BULLISH,HH_HL,BULLISH,27,STRONG_BULLISH,49,64066.78125,64905.3515625,63962.6484375,64007.23046875,73370.8515625,74020.7578125,59108.91796875,63807.69140625,NONE,0,0,ASCENDING,1,30.0,DOUBLE_BOTTOM,60898.89,62133.46,37,False,0,NONE,NONE,0,NONE,0,0,64055.36,64067.58,63938.89,64067.58,,,,,,,,,"1H structure: BULLISH (HH_HL) | 1H momentum: BULLISH (27) | Channel: ASCENDING | Position: 100% | DOUBLE_BOTTOM at $60,898.89 | Neckline: $62,133.46 (37%) | Bearish Breaker Block $64,055.36-$64,067.58 (broke at $63,938.89) | Bullish Breaker Block $63,938.89-$64,067.58 (broke at $64,160.13) | Daily supply: $73370.85-$74020.76 | Daily demand: $59108.92-$63807.69 | Bullish confirmation candle: BULLISH_MARUBOZU",Price approaching demand $63962.65-$64007.23 ($1659 away) | Wait for sell-side liquidity sweep | Wait for bullish BOS/CHOCH on 5m,OFF_HOURS
2026-06-17 11:40:41,GOLD,4356.4,WATCH_SELL,NEUTRAL,25,False,4356.4,4376.5,4349.1,0.36,NEUTRAL,COMPRESSION,STRONG_BEARISH,-63,BEARISH,-27,4356.39990234375,4369.7998046875,4349.10009765625,4354.0,4447.39990234375,4509.89990234375,4100.0,4200.0,V_TOP,83,4376.5,ASCENDING,0,0.0,DOUBLE_TOP,4376.5,4352.6,100,False,0,NONE,NONE,0,NONE,0,0,4235.0,4246.8,4231.6,4247.0,,,,,,,,,"1H structure: NEUTRAL (COMPRESSION) | 1H momentum: STRONG_BEARISH (-63) | V-Reversal: V_TOP at $4376.50 (83%) | Channel: ASCENDING | Position: 0% | DOUBLE_TOP at $4,376.50 | Neckline: $4,352.60 (100%) | Bearish Breaker Block $4,235.00-$4,246.80 (broke at $4,231.60) | Bullish Breaker Block $4,231.60-$4,247.00 (broke at $4,247.90) | Daily supply: $4447.40-$4509.90 | Daily demand: $4100.00-$4200.00 | Buy-side liquidity swept at $4353.60",Wait for price to reach supply $4356.40-$4369.80 ($10 away) | Wait for bearish confirmation candle | Wait for bearish BOS/CHOCH on 5m,OFF_HOURS
2026-06-17 11:40:52,BTC,64007.23,WATCH_BUY,BULLISH,25,False,64007.23,63940.36,64905.35,13.43,BULLISH,HH_HL,BULLISH,27,STRONG_BULLISH,49,64066.78125,64905.3515625,63962.6484375,64007.23046875,73370.8515625,74020.7578125,59108.91796875,63807.69140625,NONE,0,0,ASCENDING,1,30.0,DOUBLE_BOTTOM,60898.89,62133.46,37,False,0,NONE,NONE,0,NONE,0,0,64055.36,64067.58,63938.89,64067.58,,,,,,,,,"1H structure: BULLISH (HH_HL) | 1H momentum: BULLISH (27) | Channel: ASCENDING | Position: 100% | DOUBLE_BOTTOM at $60,898.89 | Neckline: $62,133.46 (37%) | Bearish Breaker Block $64,055.36-$64,067.58 (broke at $63,938.89) | Bullish Breaker Block $63,938.89-$64,067.58 (broke at $64,160.13) | Daily supply: $73370.85-$74020.76 | Daily demand: $59108.92-$63807.69 | Bullish confirmation candle: BULLISH_MARUBOZU",Price approaching demand $63962.65-$64007.23 ($1659 away) | Wait for sell-side liquidity sweep | Wait for bullish BOS/CHOCH on 5m,OFF_HOURS
2026-06-17 11:40:59,GOLD,4346.1,WATCH_SELL,NEUTRAL,25,False,4346.1,4376.5,4349.1,0.1,NEUTRAL,COMPRESSION,STRONG_BEARISH,-63,BEARISH,-27,4356.39990234375,4369.7998046875,4349.10009765625,4354.0,4447.39990234375,4509.89990234375,4100.0,4200.0,V_TOP,83,4376.5,ASCENDING,0,0.0,DOUBLE_TOP,4376.5,4352.6,100,False,0,NONE,NONE,0,NONE,0,0,4235.0,4246.8,4231.6,4247.0,,,,,,,,,"1H structure: NEUTRAL (COMPRESSION) | 1H momentum: STRONG_BEARISH (-63) | V-Reversal: V_TOP at $4376.50 (83%) | Channel: ASCENDING | Position: 0% | DOUBLE_TOP at $4,376.50 | Neckline: $4,352.60 (100%) | Bearish Breaker Block $4,235.00-$4,246.80 (broke at $4,231.60) | Bullish Breaker Block $4,231.60-$4,247.00 (broke at $4,247.90) | Daily supply: $4447.40-$4509.90 | Daily demand: $4100.00-$4200.00 | Buy-side liquidity swept at $4353.60",Wait for price to reach supply $4356.40-$4369.80 ($10 away) | Wait for bearish confirmation candle | Wait for bearish BOS/CHOCH on 5m,OFF_HOURS
2026-06-17 11:41:05,BTC,65666.18,WATCH_BUY,BULLISH,25,False,65666.18,63940.36,64905.35,0.44,BULLISH,HH_HL,BULLISH,27,STRONG_BULLISH,49,64066.78125,64905.3515625,63962.6484375,64007.23046875,73370.8515625,74020.7578125,59108.91796875,63807.69140625,NONE,0,0,ASCENDING,1,30.0,DOUBLE_BOTTOM,60898.89,62133.46,37,False,0,NONE,NONE,0,NONE,0,0,64055.36,64067.58,63938.89,64067.58,,,,,,,,,"1H structure: BULLISH (HH_HL) | 1H momentum: BULLISH (27) | Channel: ASCENDING | Position: 100% | DOUBLE_BOTTOM at $60,898.89 | Neckline: $62,133.46 (37%) | Bearish Breaker Block $64,055.36-$64,067.58 (broke at $63,938.89) | Bullish Breaker Block $63,938.89-$64,067.58 (broke at $64,160.13) | Daily supply: $73370.85-$74020.76 | Daily demand: $59108.92-$63807.69 | Bullish confirmation candle: BULLISH_MARUBOZU",Price approaching demand $63962.65-$64007.23 ($1659 away) | Wait for sell-side liquidity sweep | Wait for bullish BOS/CHOCH on 5m,OFF_HOURS
2026-06-17 11:41:11,GOLD,4346.9,WATCH_NEUTRAL,NEUTRAL,0,False,4346.9,0,0,0,NEUTRAL,COMPRESSION,NEUTRAL,0,NEUTRAL,14,4356.39990234375,4369.7998046875,4349.10009765625,4354.0,4447.39990234375,4509.89990234375,4100.0,4200.0,V_TOP,83,4376.5,NONE,0.5,0,DOUBLE_TOP,4376.5,4352.6,100,False,0,NONE,NONE,0,NONE,0,0,4235.0,4246.8,4231.6,4247.0,,,,,,,,,"1H structure: NEUTRAL (COMPRESSION) | V-Reversal: V_TOP at $4376.50 (83%) | DOUBLE_TOP at $4,376.50 | Neckline: $4,352.60 (100%) | Bearish Breaker Block $4,235.00-$4,246.80 (broke at $4,231.60) | Bullish Breaker Block $4,231.60-$4,247.00 (broke at $4,247.90) | Daily supply: $4447.40-$4509.90 | Daily demand: $4100.00-$4200.00",1H structure NEUTRAL — wait for clear HH/HL or LH/LL,OFF_HOURS
2026-06-17 11:41:18,BTC,65666.18,WATCH_BUY,BULLISH,25,False,65666.18,63940.36,64905.35,0.44,BULLISH,HH_HL,BULLISH,27,STRONG_BULLISH,49,64066.78125,64905.3515625,63962.6484375,64007.23046875,73370.8515625,74020.7578125,59108.91796875,63807.69140625,NONE,0,0,ASCENDING,1,30.0,DOUBLE_BOTTOM,60898.89,62133.46,37,False,0,NONE,NONE,0,NONE,0,0,64055.36,64067.58,63938.89,64067.58,,,,,,,,,"1H structure: BULLISH (HH_HL) | 1H momentum: BULLISH (27) | Channel: ASCENDING | Position: 100% | DOUBLE_BOTTOM at $60,898.89 | Neckline: $62,133.46 (37%) | Bearish Breaker Block $64,055.36-$64,067.58 (broke at $63,938.89) | Bullish Breaker Block $63,938.89-$64,067.58 (broke at $64,160.13) | Daily supply: $73370.85-$74020.76 | Daily demand: $59108.92-$63807.69 | Bullish confirmation candle: BULLISH_MARUBOZU",Price approaching demand $63962.65-$64007.23 ($1659 away) | Wait for sell-side liquidity sweep | Wait for bullish BOS/CHOCH on 5m,OFF_HOURS
2026-06-17 11:41:22,GOLD,4346.9,WATCH_NEUTRAL,NEUTRAL,0,False,4346.9,0,0,0,NEUTRAL,COMPRESSION,NEUTRAL,0,NEUTRAL,14,4356.39990234375,4369.7998046875,4349.10009765625,4354.0,4447.39990234375,4509.89990234375,4100.0,4200.0,V_TOP,83,4376.5,NONE,0.5,0,DOUBLE_TOP,4376.5,4352.6,100,False,0,NONE,NONE,0,NONE,0,0,4235.0,4246.8,4231.6,4247.0,,,,,,,,,"1H structure: NEUTRAL (COMPRESSION) | V-Reversal: V_TOP at $4376.50 (83%) | DOUBLE_TOP at $4,376.50 | Neckline: $4,352.60 (100%) | Bearish Breaker Block $4,235.00-$4,246.80 (broke at $4,231.60) | Bullish Breaker Block $4,231.60-$4,247.00 (broke at $4,247.90) | Daily supply: $4447.40-$4509.90 | Daily demand: $4100.00-$4200.00",1H structure NEUTRAL — wait for clear HH/HL or LH/LL,OFF_HOURS
2026-06-17 11:41:39,BTC,64007.23,WATCH_BUY,BULLISH,25,False,64007.23,63940.36,64905.35,13.43,BULLISH,HH_HL,BULLISH,27,STRONG_BULLISH,49,64066.78125,64905.3515625,63962.6484375,64007.23046875,73370.8515625,74020.7578125,59108.91796875,63807.69140625,NONE,0,0,ASCENDING,1,30.0,DOUBLE_BOTTOM,60898.89,62133.46,37,False,0,NONE,NONE,0,NONE,0,0,64055.36,64067.58,63938.89,64067.58,,,,,,,,,"1H structure: BULLISH (HH_HL) | 1H momentum: BULLISH (27) | Channel: ASCENDING | Position: 100% | DOUBLE_BOTTOM at $60,898.89 | Neckline: $62,133.46 (37%) | Bearish Breaker Block $64,055.36-$64,067.58 (broke at $63,938.89) | Bullish Breaker Block $63,938.89-$64,067.58 (broke at $64,160.13) | Daily supply: $73370.85-$74020.76 | Daily demand: $59108.92-$63807.69 | Bullish confirmation candle: BULLISH_MARUBOZU",Price approaching demand $63962.65-$64007.23 ($1659 away) | Wait for sell-side liquidity sweep | Wait for bullish BOS/CHOCH on 5m,OFF_HOURS
2026-06-17 11:41:46,GOLD,4346.9,WATCH_NEUTRAL,NEUTRAL,0,False,4346.9,0,0,0,NEUTRAL,COMPRESSION,NEUTRAL,0,NEUTRAL,14,4356.39990234375,4369.7998046875,4349.10009765625,4354.0,4447.39990234375,4509.89990234375,4100.0,4200.0,V_TOP,83,4376.5,NONE,0.5,0,DOUBLE_TOP,4376.5,4352.6,100,False,0,NONE,NONE,0,NONE,0,0,4235.0,4246.8,4231.6,4247.0,,,,,,,,,"1H structure: NEUTRAL (COMPRESSION) | V-Reversal: V_TOP at $4376.50 (83%) | DOUBLE_TOP at $4,376.50 | Neckline: $4,352.60 (100%) | Bearish Breaker Block $4,235.00-$4,246.80 (broke at $4,231.60) | Bullish Breaker Block $4,231.60-$4,247.00 (broke at $4,247.90) | Daily supply: $4447.40-$4509.90 | Daily demand: $4100.00-$4200.00",1H structure NEUTRAL — wait for clear HH/HL or LH/LL,OFF_HOURS
2026-06-17 11:41:59,BTC,64007.23,WATCH_BUY,BULLISH,25,False,64007.23,63940.36,64905.35,13.43,BULLISH,HH_HL,BULLISH,27,STRONG_BULLISH,49,64066.78125,64905.3515625,63962.6484375,64007.23046875,73370.8515625,74020.7578125,59108.91796875,63807.69140625,NONE,0,0,ASCENDING,1,30.0,DOUBLE_BOTTOM,60898.89,62133.46,37,False,0,NONE,NONE,0,NONE,0,0,64055.36,64067.58,63938.89,64067.58,,,,,,,,,"1H structure: BULLISH (HH_HL) | 1H momentum: BULLISH (27) | Channel: ASCENDING | Position: 100% | DOUBLE_BOTTOM at $60,898.89 | Neckline: $62,133.46 (37%) | Bearish Breaker Block $64,055.36-$64,067.58 (broke at $63,938.89) | Bullish Breaker Block $63,938.89-$64,067.58 (broke at $64,160.13) | Daily supply: $73370.85-$74020.76 | Daily demand: $59108.92-$63807.69 | Bullish confirmation candle: BULLISH_MARUBOZU",Price approaching demand $63962.65-$64007.23 ($1659 away) | Wait for sell-side liquidity sweep | Wait for bullish BOS/CHOCH on 5m,OFF_HOURS
2026-06-17 11:42:03,GOLD,4346.9,WATCH_NEUTRAL,NEUTRAL,0,False,4346.9,0,0,0,NEUTRAL,COMPRESSION,NEUTRAL,0,NEUTRAL,14,4356.39990234375,4369.7998046875,4349.10009765625,4354.0,4447.39990234375,4509.89990234375,4100.0,4200.0,V_TOP,83,4376.5,NONE,0.5,0,DOUBLE_TOP,4376.5,4352.6,100,False,0,NONE,NONE,0,NONE,0,0,4235.0,4246.8,4231.6,4247.0,,,,,,,,,"1H structure: NEUTRAL (COMPRESSION) | V-Reversal: V_TOP at $4376.50 (83%) | DOUBLE_TOP at $4,376.50 | Neckline: $4,352.60 (100%) | Bearish Breaker Block $4,235.00-$4,246.80 (broke at $4,231.60) | Bullish Breaker Block $4,231.60-$4,247.00 (broke at $4,247.90) | Daily supply: $4447.40-$4509.90 | Daily demand: $4100.00-$4200.00",1H structure NEUTRAL — wait for clear HH/HL or LH/LL,OFF_HOURS
2026-06-17 11:42:13,BTC,65666.18,WATCH_BUY,BULLISH,25,False,65666.18,63940.36,64905.35,0.44,BULLISH,HH_HL,BULLISH,27,STRONG_BULLISH,49,64066.78125,64905.3515625,63962.6484375,64007.23046875,73370.8515625,74020.7578125,59108.91796875,63807.69140625,NONE,0,0,ASCENDING,1,30.0,DOUBLE_BOTTOM,60898.89,62133.46,37,False,0,NONE,NONE,0,NONE,0,0,64055.36,64067.58,63938.89,64067.58,,,,,,,,,"1H structure: BULLISH (HH_HL) | 1H momentum: BULLISH (27) | Channel: ASCENDING | Position: 100% | DOUBLE_BOTTOM at $60,898.89 | Neckline: $62,133.46 (37%) | Bearish Breaker Block $64,055.36-$64,067.58 (broke at $63,938.89) | Bullish Breaker Block $63,938.89-$64,067.58 (broke at $64,160.13) | Daily supply: $73370.85-$74020.76 | Daily demand: $59108.92-$63807.69 | Bullish confirmation candle: BULLISH_MARUBOZU",Price approaching demand $63962.65-$64007.23 ($1659 away) | Wait for sell-side liquidity sweep | Wait for bullish BOS/CHOCH on 5m,OFF_HOURS
2026-06-17 11:42:15,GOLD,4356.4,WATCH_SELL,NEUTRAL,0,False,4356.4,4376.5,4349.1,0.36,NEUTRAL,COMPRESSION,STRONG_BEARISH,-75,BEARISH,-37,4356.39990234375,4369.7998046875,4349.10009765625,4354.0,4447.39990234375,4509.89990234375,4100.0,4200.0,V_TOP,83,4376.5,NONE,0.5,0,DOUBLE_TOP,4376.5,4352.6,100,False,0,NONE,NONE,0,NONE,0,0,4235.0,4246.8,4231.6,4247.0,,,,,,,,,"1H structure: NEUTRAL (COMPRESSION) | 1H momentum: STRONG_BEARISH (-75) | V-Reversal: V_TOP at $4376.50 (83%) | DOUBLE_TOP at $4,376.50 | Neckline: $4,352.60 (100%) | Bearish Breaker Block $4,235.00-$4,246.80 (broke at $4,231.60) | Bullish Breaker Block $4,231.60-$4,247.00 (broke at $4,247.90) | Daily supply: $4447.40-$4509.90 | Daily demand: $4100.00-$4200.00",Wait for price to reach supply $4356.40-$4369.80 ($11 away) | Wait for buy-side liquidity sweep | Wait for bearish confirmation candle | Wait for bearish BOS/CHOCH on 5m,OFF_HOURS
2026-06-17 11:42:25,GOLD,4345.7,WATCH_SELL,NEUTRAL,0,False,4345.7,4376.5,4349.1,0.11,NEUTRAL,COMPRESSION,STRONG_BEARISH,-75,BEARISH,-37,4356.39990234375,4369.7998046875,4349.10009765625,4354.0,4447.39990234375,4509.89990234375,4100.0,4200.0,V_TOP,83,4376.5,NONE,0.5,0,DOUBLE_TOP,4376.5,4352.6,100,False,0,NONE,NONE,0,NONE,0,0,4235.0,4246.8,4231.6,4247.0,,,,,,,,,"1H structure: NEUTRAL (COMPRESSION) | 1H momentum: STRONG_BEARISH (-75) | V-Reversal: V_TOP at $4376.50 (83%) | DOUBLE_TOP at $4,376.50 | Neckline: $4,352.60 (100%) | Bearish Breaker Block $4,235.00-$4,246.80 (broke at $4,231.60) | Bullish Breaker Block $4,231.60-$4,247.00 (broke at $4,247.90) | Daily supply: $4447.40-$4509.90 | Daily demand: $4100.00-$4200.00",Wait for price to reach supply $4356.40-$4369.80 ($11 away) | Wait for buy-side liquidity sweep | Wait for bearish confirmation candle | Wait for bearish BOS/CHOCH on 5m,OFF_HOURS
2026-06-17 11:42:26,BTC,65666.18,WATCH_BUY,BULLISH,25,False,65666.18,63940.36,64905.35,0.44,BULLISH,HH_HL,BULLISH,27,STRONG_BULLISH,49,64066.78125,64905.3515625,63962.6484375,64007.23046875,73370.8515625,74020.7578125,59108.91796875,63807.69140625,NONE,0,0,ASCENDING,1,30.0,DOUBLE_BOTTOM,60898.89,62133.46,37,False,0,NONE,NONE,0,NONE,0,0,64055.36,64067.58,63938.89,64067.58,,,,,,,,,"1H structure: BULLISH (HH_HL) | 1H momentum: BULLISH (27) | Channel: ASCENDING | Position: 100% | DOUBLE_BOTTOM at $60,898.89 | Neckline: $62,133.46 (37%) | Bearish Breaker Block $64,055.36-$64,067.58 (broke at $63,938.89) | Bullish Breaker Block $63,938.89-$64,067.58 (broke at $64,160.13) | Daily supply: $73370.85-$74020.76 | Daily demand: $59108.92-$63807.69 | Bullish confirmation candle: BULLISH_MARUBOZU",Price approaching demand $63962.65-$64007.23 ($1659 away) | Wait for sell-side liquidity sweep | Wait for bullish BOS/CHOCH on 5m,OFF_HOURS
2026-06-17 11:42:47,BTC,64007.23,WATCH_BUY,BULLISH,25,False,64007.23,63940.36,64905.35,13.43,BULLISH,HH_HL,BULLISH,27,STRONG_BULLISH,49,64066.78125,64905.3515625,63962.6484375,64007.23046875,73370.8515625,74020.7578125,59108.91796875,63807.69140625,NONE,0,0,ASCENDING,1,30.0,DOUBLE_BOTTOM,60898.89,62133.46,37,False,0,NONE,NONE,0,NONE,0,0,64055.36,64067.58,63938.89,64067.58,,,,,,,,,"1H structure: BULLISH (HH_HL) | 1H momentum: BULLISH (27) | Channel: ASCENDING | Position: 100% | DOUBLE_BOTTOM at $60,898.89 | Neckline: $62,133.46 (37%) | Bearish Breaker Block $64,055.36-$64,067.58 (broke at $63,938.89) | Bullish Breaker Block $63,938.89-$64,067.58 (broke at $64,160.13) | Daily supply: $73370.85-$74020.76 | Daily demand: $59108.92-$63807.69 | Bullish confirmation candle: BULLISH_MARUBOZU",Price approaching demand $63962.65-$64007.23 ($1659 away) | Wait for sell-side liquidity sweep | Wait for bullish BOS/CHOCH on 5m,OFF_HOURS
2026-06-17 11:42:50,GOLD,4356.4,WATCH_SELL,NEUTRAL,0,False,4356.4,4376.5,4349.1,0.36,NEUTRAL,COMPRESSION,STRONG_BEARISH,-75,BEARISH,-37,4356.39990234375,4369.7998046875,4349.10009765625,4354.0,4447.39990234375,4509.89990234375,4100.0,4200.0,V_TOP,83,4376.5,NONE,0.5,0,DOUBLE_TOP,4376.5,4352.6,100,False,0,NONE,NONE,0,NONE,0,0,4235.0,4246.8,4231.6,4247.0,,,,,,,,,"1H structure: NEUTRAL (COMPRESSION) | 1H momentum: STRONG_BEARISH (-75) | V-Reversal: V_TOP at $4376.50 (83%) | DOUBLE_TOP at $4,376.50 | Neckline: $4,352.60 (100%) | Bearish Breaker Block $4,235.00-$4,246.80 (broke at $4,231.60) | Bullish Breaker Block $4,231.60-$4,247.00 (broke at $4,247.90) | Daily supply: $4447.40-$4509.90 | Daily demand: $4100.00-$4200.00",Wait for price to reach supply $4356.40-$4369.80 ($11 away) | Wait for buy-side liquidity sweep | Wait for bearish confirmation candle | Wait for bearish BOS/CHOCH on 5m,OFF_HOURS
2026-06-17 11:43:07,GOLD,4345.7,WATCH_SELL,NEUTRAL,0,False,4345.7,4376.5,4349.1,0.11,NEUTRAL,COMPRESSION,STRONG_BEARISH,-76,BEARISH,-37,4356.39990234375,4369.7998046875,4349.10009765625,4354.0,4447.39990234375,4509.89990234375,4100.0,4200.0,V_TOP,83,4376.5,NONE,0.5,0,DOUBLE_TOP,4376.5,4352.6,100,False,0,NONE,NONE,0,NONE,0,0,4235.0,4246.8,4231.6,4247.0,,,,,,,,,"1H structure: NEUTRAL (COMPRESSION) | 1H momentum: STRONG_BEARISH (-76) | V-Reversal: V_TOP at $4376.50 (83%) | DOUBLE_TOP at $4,376.50 | Neckline: $4,352.60 (100%) | Bearish Breaker Block $4,235.00-$4,246.80 (broke at $4,231.60) | Bullish Breaker Block $4,231.60-$4,247.00 (broke at $4,247.90) | Daily supply: $4447.40-$4509.90 | Daily demand: $4100.00-$4200.00",Wait for price to reach supply $4356.40-$4369.80 ($11 away) | Wait for buy-side liquidity sweep | Wait for bearish confirmation candle | Wait for bearish BOS/CHOCH on 5m,OFF_HOURS
2026-06-17 11:43:07,BTC,64007.23,WATCH_BUY,BULLISH,25,False,64007.23,63940.36,64905.35,13.43,BULLISH,HH_HL,BULLISH,27,STRONG_BULLISH,49,64066.78125,64905.3515625,63962.6484375,64007.23046875,73370.8515625,74020.7578125,59108.91796875,63807.69140625,NONE,0,0,ASCENDING,1,30.0,DOUBLE_BOTTOM,60898.89,62133.46,37,False,0,NONE,NONE,0,NONE,0,0,64055.36,64067.58,63938.89,64067.58,,,,,,,,,"1H structure: BULLISH (HH_HL) | 1H momentum: BULLISH (27) | Channel: ASCENDING | Position: 100% | DOUBLE_BOTTOM at $60,898.89 | Neckline: $62,133.46 (37%) | Bearish Breaker Block $64,055.36-$64,067.58 (broke at $63,938.89) | Bullish Breaker Block $63,938.89-$64,067.58 (broke at $64,160.13) | Daily supply: $73370.85-$74020.76 | Daily demand: $59108.92-$63807.69 | Bullish confirmation candle: BULLISH_MARUBOZU",Price approaching demand $63962.65-$64007.23 ($1659 away) | Wait for sell-side liquidity sweep | Wait for bullish BOS/CHOCH on 5m,OFF_HOURS
2026-06-17 11:43:19,GOLD,4356.4,WATCH_SELL,NEUTRAL,0,False,4356.4,4376.5,4349.1,0.36,NEUTRAL,COMPRESSION,STRONG_BEARISH,-76,BEARISH,-38,4356.39990234375,4369.7998046875,4349.10009765625,4354.0,4447.39990234375,4509.89990234375,4100.0,4200.0,V_TOP,83,4376.5,NONE,0.5,0,DOUBLE_TOP,4376.5,4352.6,100,False,0,NONE,NONE,0,NONE,0,0,4235.0,4246.8,4231.6,4247.0,,,,,,,,,"1H structure: NEUTRAL (COMPRESSION) | 1H momentum: STRONG_BEARISH (-76) | V-Reversal: V_TOP at $4376.50 (83%) | DOUBLE_TOP at $4,376.50 | Neckline: $4,352.60 (100%) | Bearish Breaker Block $4,235.00-$4,246.80 (broke at $4,231.60) | Bullish Breaker Block $4,231.60-$4,247.00 (broke at $4,247.90) | Daily supply: $4447.40-$4509.90 | Daily demand: $4100.00-$4200.00",Wait for price to reach supply $4356.40-$4369.80 ($11 away) | Wait for buy-side liquidity sweep | Wait for bearish confirmation candle | Wait for bearish BOS/CHOCH on 5m,OFF_HOURS
2026-06-17 11:43:20,BTC,65666.18,WATCH_BUY,BULLISH,25,False,65666.18,63940.36,64905.35,0.44,BULLISH,HH_HL,BULLISH,27,STRONG_BULLISH,49,64066.78125,64905.3515625,63962.6484375,64007.23046875,73370.8515625,74020.7578125,59108.91796875,63807.69140625,NONE,0,0,ASCENDING,1,30.0,DOUBLE_BOTTOM,60898.89,62133.46,37,False,0,NONE,NONE,0,NONE,0,0,64055.36,64067.58,63938.89,64067.58,,,,,,,,,"1H structure: BULLISH (HH_HL) | 1H momentum: BULLISH (27) | Channel: ASCENDING | Position: 100% | DOUBLE_BOTTOM at $60,898.89 | Neckline: $62,133.46 (37%) | Bearish Breaker Block $64,055.36-$64,067.58 (broke at $63,938.89) | Bullish Breaker Block $63,938.89-$64,067.58 (broke at $64,160.13) | Daily supply: $73370.85-$74020.76 | Daily demand: $59108.92-$63807.69 | Bullish confirmation candle: BULLISH_MARUBOZU",Price approaching demand $63962.65-$64007.23 ($1659 away) | Wait for sell-side liquidity sweep | Wait for bullish BOS/CHOCH on 5m,OFF_HOURS
2026-06-17 11:43:29,GOLD,4345.3,WATCH_SELL,NEUTRAL,0,False,4345.3,4376.5,4349.1,0.12,NEUTRAL,COMPRESSION,STRONG_BEARISH,-76,BEARISH,-38,4356.39990234375,4369.7998046875,4349.10009765625,4354.0,4447.39990234375,4509.89990234375,4100.0,4200.0,V_TOP,83,4376.5,NONE,0.5,0,DOUBLE_TOP,4376.5,4352.6,100,False,0,NONE,NONE,0,NONE,0,0,4235.0,4246.8,4231.6,4247.0,,,,,,,,,"1H structure: NEUTRAL (COMPRESSION) | 1H momentum: STRONG_BEARISH (-76) | V-Reversal: V_TOP at $4376.50 (83%) | DOUBLE_TOP at $4,376.50 | Neckline: $4,352.60 (100%) | Bearish Breaker Block $4,235.00-$4,246.80 (broke at $4,231.60) | Bullish Breaker Block $4,231.60-$4,247.00 (broke at $4,247.90) | Daily supply: $4447.40-$4509.90 | Daily demand: $4100.00-$4200.00",Wait for price to reach supply $4356.40-$4369.80 ($11 away) | Wait for buy-side liquidity sweep | Wait for bearish confirmation candle | Wait for bearish BOS/CHOCH on 5m,OFF_HOURS
2026-06-17 11:43:38,BTC,65666.18,WATCH_BUY,BULLISH,25,False,65666.18,63940.36,64905.35,0.44,BULLISH,HH_HL,BULLISH,27,STRONG_BULLISH,49,64066.78125,64905.3515625,63962.6484375,64007.23046875,73370.8515625,74020.7578125,59108.91796875,63807.69140625,NONE,0,0,ASCENDING,1,30.0,DOUBLE_BOTTOM,60898.89,62133.46,37,False,0,NONE,NONE,0,NONE,0,0,64055.36,64067.58,63938.89,64067.58,,,,,,,,,"1H structure: BULLISH (HH_HL) | 1H momentum: BULLISH (27) | Channel: ASCENDING | Position: 100% | DOUBLE_BOTTOM at $60,898.89 | Neckline: $62,133.46 (37%) | Bearish Breaker Block $64,055.36-$64,067.58 (broke at $63,938.89) | Bullish Breaker Block $63,938.89-$64,067.58 (broke at $64,160.13) | Daily supply: $73370.85-$74020.76 | Daily demand: $59108.92-$63807.69 | Bullish confirmation candle: BULLISH_MARUBOZU",Price approaching demand $63962.65-$64007.23 ($1659 away) | Wait for sell-side liquidity sweep | Wait for bullish BOS/CHOCH on 5m,OFF_HOURS
2026-06-17 11:43:54,GOLD,4356.4,WATCH_SELL,NEUTRAL,0,False,4356.4,4376.5,4349.1,0.36,NEUTRAL,COMPRESSION,STRONG_BEARISH,-76,BEARISH,-38,4356.39990234375,4369.7998046875,4349.10009765625,4354.0,4447.39990234375,4509.89990234375,4100.0,4200.0,V_TOP,83,4376.5,NONE,0.5,0,DOUBLE_TOP,4376.5,4352.6,100,False,0,NONE,NONE,0,NONE,0,0,4235.0,4246.8,4231.6,4247.0,,,,,,,,,"1H structure: NEUTRAL (COMPRESSION) | 1H momentum: STRONG_BEARISH (-76) | V-Reversal: V_TOP at $4376.50 (83%) | DOUBLE_TOP at $4,376.50 | Neckline: $4,352.60 (100%) | Bearish Breaker Block $4,235.00-$4,246.80 (broke at $4,231.60) | Bullish Breaker Block $4,231.60-$4,247.00 (broke at $4,247.90) | Daily supply: $4447.40-$4509.90 | Daily demand: $4100.00-$4200.00",Wait for price to reach supply $4356.40-$4369.80 ($11 away) | Wait for buy-side liquidity sweep | Wait for bearish confirmation candle | Wait for bearish BOS/CHOCH on 5m,OFF_HOURS
2026-06-17 11:43:55,BTC,64007.23,WATCH_BUY,BULLISH,25,False,64007.23,63940.36,64905.35,13.43,BULLISH,HH_HL,BULLISH,27,STRONG_BULLISH,49,64066.78125,64905.3515625,63962.6484375,64007.23046875,73370.8515625,74020.7578125,59108.91796875,63807.69140625,NONE,0,0,ASCENDING,1,30.0,DOUBLE_BOTTOM,60898.89,62133.46,37,False,0,NONE,NONE,0,NONE,0,0,64055.36,64067.58,63938.89,64067.58,,,,,,,,,"1H structure: BULLISH (HH_HL) | 1H momentum: BULLISH (27) | Channel: ASCENDING | Position: 100% | DOUBLE_BOTTOM at $60,898.89 | Neckline: $62,133.46 (37%) | Bearish Breaker Block $64,055.36-$64,067.58 (broke at $63,938.89) | Bullish Breaker Block $63,938.89-$64,067.58 (broke at $64,160.13) | Daily supply: $73370.85-$74020.76 | Daily demand: $59108.92-$63807.69 | Bullish confirmation candle: BULLISH_MARUBOZU",Price approaching demand $63962.65-$64007.23 ($1659 away) | Wait for sell-side liquidity sweep | Wait for bullish BOS/CHOCH on 5m,OFF_HOURS
2026-06-17 11:44:10,GOLD,4347.3,WATCH_NEUTRAL,NEUTRAL,0,False,4347.3,0,0,0,NEUTRAL,COMPRESSION,NEUTRAL,1,NEUTRAL,14,4356.39990234375,4369.7998046875,4349.10009765625,4354.0,4447.39990234375,4509.89990234375,4100.0,4200.0,V_TOP,83,4376.5,NONE,0.5,0,DOUBLE_TOP,4376.5,4352.6,100,False,0,NONE,NONE,0,NONE,0,0,4235.0,4246.8,4231.6,4247.0,,,,,,,,,"1H structure: NEUTRAL (COMPRESSION) | V-Reversal: V_TOP at $4376.50 (83%) | DOUBLE_TOP at $4,376.50 | Neckline: $4,352.60 (100%) | Bearish Breaker Block $4,235.00-$4,246.80 (broke at $4,231.60) | Bullish Breaker Block $4,231.60-$4,247.00 (broke at $4,247.90) | Daily supply: $4447.40-$4509.90 | Daily demand: $4100.00-$4200.00",1H structure NEUTRAL — wait for clear HH/HL or LH/LL,OFF_HOURS
2026-06-17 11:44:15,BTC,64007.23,WATCH_BUY,BULLISH,25,False,64007.23,63940.36,64905.35,13.43,BULLISH,HH_HL,BULLISH,27,STRONG_BULLISH,49,64066.78125,64905.3515625,63962.6484375,64007.23046875,73370.8515625,74020.7578125,59108.91796875,63807.69140625,NONE,0,0,ASCENDING,1,30.0,DOUBLE_BOTTOM,60898.89,62133.46,37,False,0,NONE,NONE,0,NONE,0,0,64055.36,64067.58,63938.89,64067.58,,,,,,,,,"1H structure: BULLISH (HH_HL) | 1H momentum: BULLISH (27) | Channel: ASCENDING | Position: 100% | DOUBLE_BOTTOM at $60,898.89 | Neckline: $62,133.46 (37%) | Bearish Breaker Block $64,055.36-$64,067.58 (broke at $63,938.89) | Bullish Breaker Block $63,938.89-$64,067.58 (broke at $64,160.13) | Daily supply: $73370.85-$74020.76 | Daily demand: $59108.92-$63807.69 | Bullish confirmation candle: BULLISH_MARUBOZU",Price approaching demand $63962.65-$64007.23 ($1659 away) | Wait for sell-side liquidity sweep | Wait for bullish BOS/CHOCH on 5m,OFF_HOURS
2026-06-17 11:44:22,GOLD,4347.3,WATCH_NEUTRAL,NEUTRAL,0,False,4347.3,0,0,0,NEUTRAL,COMPRESSION,NEUTRAL,1,NEUTRAL,14,4356.39990234375,4369.7998046875,4349.10009765625,4354.0,4447.39990234375,4509.89990234375,4100.0,4200.0,V_TOP,83,4376.5,NONE,0.5,0,DOUBLE_TOP,4376.5,4352.6,100,False,0,NONE,NONE,0,NONE,0,0,4235.0,4246.8,4231.6,4247.0,,,,,,,,,"1H structure: NEUTRAL (COMPRESSION) | V-Reversal: V_TOP at $4376.50 (83%) | DOUBLE_TOP at $4,376.50 | Neckline: $4,352.60 (100%) | Bearish Breaker Block $4,235.00-$4,246.80 (broke at $4,231.60) | Bullish Breaker Block $4,231.60-$4,247.00 (broke at $4,247.90) | Daily supply: $4447.40-$4509.90 | Daily demand: $4100.00-$4200.00",1H structure NEUTRAL — wait for clear HH/HL or LH/LL,OFF_HOURS
2026-06-17 11:44:27,BTC,65666.18,WATCH_BUY,BULLISH,25,False,65666.18,63940.36,64905.35,0.44,BULLISH,HH_HL,BULLISH,27,STRONG_BULLISH,49,64066.78125,64905.3515625,63962.6484375,64007.23046875,73370.8515625,74020.7578125,59108.91796875,63807.69140625,NONE,0,0,ASCENDING,1,30.0,DOUBLE_BOTTOM,60898.89,62133.46,37,False,0,NONE,NONE,0,NONE,0,0,64055.36,64067.58,63938.89,64067.58,,,,,,,,,"1H structure: BULLISH (HH_HL) | 1H momentum: BULLISH (27) | Channel: ASCENDING | Position: 100% | DOUBLE_BOTTOM at $60,898.89 | Neckline: $62,133.46 (37%) | Bearish Breaker Block $64,055.36-$64,067.58 (broke at $63,938.89) | Bullish Breaker Block $63,938.89-$64,067.58 (broke at $64,160.13) | Daily supply: $73370.85-$74020.76 | Daily demand: $59108.92-$63807.69 | Bullish confirmation candle: BULLISH_MARUBOZU",Price approaching demand $63962.65-$64007.23 ($1659 away) | Wait for sell-side liquidity sweep | Wait for bullish BOS/CHOCH on 5m,OFF_HOURS
2026-06-17 11:44:33,GOLD,4347.3,WATCH_NEUTRAL,NEUTRAL,0,False,4347.3,0,0,0,NEUTRAL,COMPRESSION,NEUTRAL,1,NEUTRAL,14,4356.39990234375,4369.7998046875,4349.10009765625,4354.0,4447.39990234375,4509.89990234375,4100.0,4200.0,V_TOP,83,4376.5,NONE,0.5,0,DOUBLE_TOP,4376.5,4352.6,100,False,0,NONE,NONE,0,NONE,0,0,4235.0,4246.8,4231.6,4247.0,,,,,,,,,"1H structure: NEUTRAL (COMPRESSION) | V-Reversal: V_TOP at $4376.50 (83%) | DOUBLE_TOP at $4,376.50 | Neckline: $4,352.60 (100%) | Bearish Breaker Block $4,235.00-$4,246.80 (broke at $4,231.60) | Bullish Breaker Block $4,231.60-$4,247.00 (broke at $4,247.90) | Daily supply: $4447.40-$4509.90 | Daily demand: $4100.00-$4200.00",1H structure NEUTRAL — wait for clear HH/HL or LH/LL,OFF_HOURS
2026-06-17 11:44:46,BTC,65666.18,WATCH_BUY,BULLISH,25,False,65666.18,63940.36,64905.35,0.44,BULLISH,HH_HL,BULLISH,27,STRONG_BULLISH,49,64066.78125,64905.3515625,63962.6484375,64007.23046875,73370.8515625,74020.7578125,59108.91796875,63807.69140625,NONE,0,0,ASCENDING,1,30.0,DOUBLE_BOTTOM,60898.89,62133.46,37,False,0,NONE,NONE,0,NONE,0,0,64055.36,64067.58,63938.89,64067.58,,,,,,,,,"1H structure: BULLISH (HH_HL) | 1H momentum: BULLISH (27) | Channel: ASCENDING | Position: 100% | DOUBLE_BOTTOM at $60,898.89 | Neckline: $62,133.46 (37%) | Bearish Breaker Block $64,055.36-$64,067.58 (broke at $63,938.89) | Bullish Breaker Block $63,938.89-$64,067.58 (broke at $64,160.13) | Daily supply: $73370.85-$74020.76 | Daily demand: $59108.92-$63807.69 | Bullish confirmation candle: BULLISH_MARUBOZU",Price approaching demand $63962.65-$64007.23 ($1659 away) | Wait for sell-side liquidity sweep | Wait for bullish BOS/CHOCH on 5m,OFF_HOURS
2026-06-17 11:44:58,GOLD,4347.3,WATCH_NEUTRAL,NEUTRAL,0,False,4347.3,0,0,0,NEUTRAL,COMPRESSION,NEUTRAL,1,NEUTRAL,14,4356.39990234375,4369.7998046875,4349.10009765625,4354.0,4447.39990234375,4509.89990234375,4100.0,4200.0,V_TOP,83,4376.5,NONE,0.5,0,DOUBLE_TOP,4376.5,4352.6,100,False,0,NONE,NONE,0,NONE,0,0,4235.0,4246.8,4231.6,4247.0,,,,,,,,,"1H structure: NEUTRAL (COMPRESSION) | V-Reversal: V_TOP at $4376.50 (83%) | DOUBLE_TOP at $4,376.50 | Neckline: $4,352.60 (100%) | Bearish Breaker Block $4,235.00-$4,246.80 (broke at $4,231.60) | Bullish Breaker Block $4,231.60-$4,247.00 (broke at $4,247.90) | Daily supply: $4447.40-$4509.90 | Daily demand: $4100.00-$4200.00",1H structure NEUTRAL — wait for clear HH/HL or LH/LL,OFF_HOURS
2026-06-17 11:45:03,BTC,64007.23,WATCH_BUY,BULLISH,25,False,64007.23,63940.36,64905.35,13.43,BULLISH,HH_HL,BULLISH,27,STRONG_BULLISH,49,64066.78125,64905.3515625,63962.6484375,64007.23046875,73370.8515625,74020.7578125,59108.91796875,63807.69140625,NONE,0,0,ASCENDING,1,30.0,DOUBLE_BOTTOM,60898.89,62133.46,37,False,0,NONE,NONE,0,NONE,0,0,64055.36,64067.58,63938.89,64067.58,,,,,,,,,"1H structure: BULLISH (HH_HL) | 1H momentum: BULLISH (27) | Channel: ASCENDING | Position: 100% | DOUBLE_BOTTOM at $60,898.89 | Neckline: $62,133.46 (37%) | Bearish Breaker Block $64,055.36-$64,067.58 (broke at $63,938.89) | Bullish Breaker Block $63,938.89-$64,067.58 (broke at $64,160.13) | Daily supply: $73370.85-$74020.76 | Daily demand: $59108.92-$63807.69 | Bullish confirmation candle: BULLISH_MARUBOZU",Price approaching demand $63962.65-$64007.23 ($1659 away) | Wait for sell-side liquidity sweep | Wait for bullish BOS/CHOCH on 5m,OFF_HOURS
2026-06-17 11:45:14,GOLD,4347.3,WATCH_NEUTRAL,NEUTRAL,0,False,4347.3,0,0,0,NEUTRAL,COMPRESSION,NEUTRAL,2,NEUTRAL,14,4356.39990234375,4369.7998046875,4349.10009765625,4354.0,4447.39990234375,4509.89990234375,4100.0,4200.0,V_BOTTOM,75,4333.7,NONE,0.5,0,DOUBLE_TOP,4376.5,4352.6,100,False,0,NONE,NONE,0,NONE,0,0,4235.0,4246.8,4231.6,4247.0,,,,,,,,,"1H structure: NEUTRAL (COMPRESSION) | V-Reversal: V_BOTTOM at $4333.70 (75%) | DOUBLE_TOP at $4,376.50 | Neckline: $4,352.60 (100%) | Bearish Breaker Block $4,235.00-$4,246.80 (broke at $4,231.60) | Bullish Breaker Block $4,231.60-$4,247.00 (broke at $4,247.90) | Daily supply: $4447.40-$4509.90 | Daily demand: $4100.00-$4200.00",1H structure NEUTRAL — wait for clear HH/HL or LH/LL,OFF_HOURS
2026-06-17 11:45:22,BTC,64007.23,WATCH_BUY,BULLISH,25,False,64007.23,63940.36,64905.35,13.43,BULLISH,HH_HL,BULLISH,27,STRONG_BULLISH,49,64066.78125,64905.3515625,63962.6484375,64007.23046875,73370.8515625,74020.7578125,59108.91796875,63807.69140625,NONE,0,0,ASCENDING,1,30.0,DOUBLE_BOTTOM,60898.89,62133.46,37,False,0,NONE,NONE,0,NONE,0,0,64055.36,64067.58,63938.89,64067.58,,,,,,,,,"1H structure: BULLISH (HH_HL) | 1H momentum: BULLISH (27) | Channel: ASCENDING | Position: 100% | DOUBLE_BOTTOM at $60,898.89 | Neckline: $62,133.46 (37%) | Bearish Breaker Block $64,055.36-$64,067.58 (broke at $63,938.89) | Bullish Breaker Block $63,938.89-$64,067.58 (broke at $64,160.13) | Daily supply: $73370.85-$74020.76 | Daily demand: $59108.92-$63807.69 | Bullish confirmation candle: BULLISH_MARUBOZU",Price approaching demand $63962.65-$64007.23 ($1659 away) | Wait for sell-side liquidity sweep | Wait for bullish BOS/CHOCH on 5m,OFF_HOURS
2026-06-17 11:45:26,GOLD,4347.3,WATCH_NEUTRAL,NEUTRAL,0,False,4347.3,0,0,0,NEUTRAL,COMPRESSION,NEUTRAL,2,NEUTRAL,14,4356.39990234375,4369.7998046875,4349.10009765625,4354.0,4447.39990234375,4509.89990234375,4100.0,4200.0,V_BOTTOM,75,4333.7,NONE,0.5,0,DOUBLE_TOP,4376.5,4352.6,100,False,0,NONE,NONE,0,NONE,0,0,4235.0,4246.8,4231.6,4247.0,,,,,,,,,"1H structure: NEUTRAL (COMPRESSION) | V-Reversal: V_BOTTOM at $4333.70 (75%) | DOUBLE_TOP at $4,376.50 | Neckline: $4,352.60 (100%) | Bearish Breaker Block $4,235.00-$4,246.80 (broke at $4,231.60) | Bullish Breaker Block $4,231.60-$4,247.00 (broke at $4,247.90) | Daily supply: $4447.40-$4509.90 | Daily demand: $4100.00-$4200.00",1H structure NEUTRAL — wait for clear HH/HL or LH/LL,OFF_HOURS
2026-06-17 11:45:35,BTC,65666.18,WATCH_BUY,BULLISH,25,False,65666.18,63940.36,64905.35,0.44,BULLISH,HH_HL,BULLISH,27,STRONG_BULLISH,49,64066.78125,64905.3515625,63962.6484375,64007.23046875,73370.8515625,74020.7578125,59108.91796875,63807.69140625,NONE,0,0,ASCENDING,1,30.0,DOUBLE_BOTTOM,60898.89,62133.46,37,False,0,NONE,NONE,0,NONE,0,0,64055.36,64067.58,63938.89,64067.58,,,,,,,,,"1H structure: BULLISH (HH_HL) | 1H momentum: BULLISH (27) | Channel: ASCENDING | Position: 100% | DOUBLE_BOTTOM at $60,898.89 | Neckline: $62,133.46 (37%) | Bearish Breaker Block $64,055.36-$64,067.58 (broke at $63,938.89) | Bullish Breaker Block $63,938.89-$64,067.58 (broke at $64,160.13) | Daily supply: $73370.85-$74020.76 | Daily demand: $59108.92-$63807.69 | Bullish confirmation candle: BULLISH_MARUBOZU",Price approaching demand $63962.65-$64007.23 ($1659 away) | Wait for sell-side liquidity sweep | Wait for bullish BOS/CHOCH on 5m,OFF_HOURS
2026-06-17 11:45:37,GOLD,4347.3,WATCH_NEUTRAL,NEUTRAL,0,False,4347.3,0,0,0,NEUTRAL,COMPRESSION,NEUTRAL,2,NEUTRAL,14,4356.39990234375,4369.7998046875,4349.10009765625,4354.0,4447.39990234375,4509.89990234375,4100.0,4200.0,V_BOTTOM,75,4333.7,NONE,0.5,0,DOUBLE_TOP,4376.5,4352.6,100,False,0,NONE,NONE,0,NONE,0,0,4235.0,4246.8,4231.6,4247.0,,,,,,,,,"1H structure: NEUTRAL (COMPRESSION) | V-Reversal: V_BOTTOM at $4333.70 (75%) | DOUBLE_TOP at $4,376.50 | Neckline: $4,352.60 (100%) | Bearish Breaker Block $4,235.00-$4,246.80 (broke at $4,231.60) | Bullish Breaker Block $4,231.60-$4,247.00 (broke at $4,247.90) | Daily supply: $4447.40-$4509.90 | Daily demand: $4100.00-$4200.00",1H structure NEUTRAL — wait for clear HH/HL or LH/LL,OFF_HOURS
2026-06-17 11:45:54,BTC,65666.18,WATCH_BUY,BULLISH,25,False,65666.18,63940.36,64905.35,0.44,BULLISH,HH_HL,BULLISH,27,STRONG_BULLISH,49,64066.78125,64905.3515625,63962.6484375,64007.23046875,73370.8515625,74020.7578125,59108.91796875,63807.69140625,NONE,0,0,ASCENDING,1,30.0,DOUBLE_BOTTOM,60898.89,62133.46,37,False,0,NONE,NONE,0,NONE,0,0,64055.36,64067.58,63938.89,64067.58,,,,,,,,,"1H structure: BULLISH (HH_HL) | 1H momentum: BULLISH (27) | Channel: ASCENDING | Position: 100% | DOUBLE_BOTTOM at $60,898.89 | Neckline: $62,133.46 (37%) | Bearish Breaker Block $64,055.36-$64,067.58 (broke at $63,938.89) | Bullish Breaker Block $63,938.89-$64,067.58 (broke at $64,160.13) | Daily supply: $73370.85-$74020.76 | Daily demand: $59108.92-$63807.69 | Bullish confirmation candle: BULLISH_MARUBOZU",Price approaching demand $63962.65-$64007.23 ($1659 away) | Wait for sell-side liquidity sweep | Wait for bullish BOS/CHOCH on 5m,OFF_HOURS
2026-06-17 11:46:02,GOLD,4347.3,WATCH_NEUTRAL,NEUTRAL,0,False,4347.3,0,0,0,NEUTRAL,COMPRESSION,NEUTRAL,2,NEUTRAL,14,4356.39990234375,4369.7998046875,4349.10009765625,4354.0,4447.39990234375,4509.89990234375,4100.0,4200.0,V_BOTTOM,75,4333.7,NONE,0.5,0,DOUBLE_TOP,4376.5,4352.6,100,False,0,NONE,NONE,0,NONE,0,0,4235.0,4246.8,4231.6,4247.0,,,,,,,,,"1H structure: NEUTRAL (COMPRESSION) | V-Reversal: V_BOTTOM at $4333.70 (75%) | DOUBLE_TOP at $4,376.50 | Neckline: $4,352.60 (100%) | Bearish Breaker Block $4,235.00-$4,246.80 (broke at $4,231.60) | Bullish Breaker Block $4,231.60-$4,247.00 (broke at $4,247.90) | Daily supply: $4447.40-$4509.90 | Daily demand: $4100.00-$4200.00",1H structure NEUTRAL — wait for clear HH/HL or LH/LL,OFF_HOURS
2026-06-17 11:46:10,BTC,64007.23,WATCH_BUY,BULLISH,25,False,64007.23,63940.36,64905.35,13.43,BULLISH,HH_HL,BULLISH,27,STRONG_BULLISH,49,64066.78125,64905.3515625,63962.6484375,64007.23046875,73370.8515625,74020.7578125,59108.91796875,63807.69140625,NONE,0,0,ASCENDING,1,30.0,DOUBLE_BOTTOM,60898.89,62133.46,37,False,0,NONE,NONE,0,NONE,0,0,64055.36,64067.58,63938.89,64067.58,,,,,,,,,"1H structure: BULLISH (HH_HL) | 1H momentum: BULLISH (27) | Channel: ASCENDING | Position: 100% | DOUBLE_BOTTOM at $60,898.89 | Neckline: $62,133.46 (37%) | Bearish Breaker Block $64,055.36-$64,067.58 (broke at $63,938.89) | Bullish Breaker Block $63,938.89-$64,067.58 (broke at $64,160.13) | Daily supply: $73370.85-$74020.76 | Daily demand: $59108.92-$63807.69 | Bullish confirmation candle: BULLISH_MARUBOZU",Price approaching demand $63962.65-$64007.23 ($1659 away) | Wait for sell-side liquidity sweep | Wait for bullish BOS/CHOCH on 5m,OFF_HOURS
2026-06-17 11:46:18,GOLD,4348.9,WATCH_NEUTRAL,NEUTRAL,0,False,4348.9,0,0,0,NEUTRAL,COMPRESSION,NEUTRAL,3,BULLISH,27,4356.39990234375,4369.7998046875,4349.10009765625,4354.0,4447.39990234375,4509.89990234375,4100.0,4200.0,V_BOTTOM,75,4333.7,NONE,0.5,0,DOUBLE_TOP,4376.5,4352.6,100,False,0,NONE,NONE,0,NONE,0,0,4235.0,4246.8,4231.6,4247.0,,,,,,,,,"1H structure: NEUTRAL (COMPRESSION) | V-Reversal: V_BOTTOM at $4333.70 (75%) | DOUBLE_TOP at $4,376.50 | Neckline: $4,352.60 (100%) | Bearish Breaker Block $4,235.00-$4,246.80 (broke at $4,231.60) | Bullish Breaker Block $4,231.60-$4,247.00 (broke at $4,247.90) | Daily supply: $4447.40-$4509.90 | Daily demand: $4100.00-$4200.00",1H structure NEUTRAL — wait for clear HH/HL or LH/LL,OFF_HOURS
2026-06-17 11:46:30,GOLD,4348.9,WATCH_NEUTRAL,NEUTRAL,0,False,4348.9,0,0,0,NEUTRAL,COMPRESSION,NEUTRAL,3,BULLISH,27,4356.39990234375,4369.7998046875,4349.10009765625,4354.0,4447.39990234375,4509.89990234375,4100.0,4200.0,V_BOTTOM,75,4333.7,NONE,0.5,0,DOUBLE_TOP,4376.5,4352.6,100,False,0,NONE,NONE,0,NONE,0,0,4235.0,4246.8,4231.6,4247.0,,,,,,,,,"1H structure: NEUTRAL (COMPRESSION) | V-Reversal: V_BOTTOM at $4333.70 (75%) | DOUBLE_TOP at $4,376.50 | Neckline: $4,352.60 (100%) | Bearish Breaker Block $4,235.00-$4,246.80 (broke at $4,231.60) | Bullish Breaker Block $4,231.60-$4,247.00 (broke at $4,247.90) | Daily supply: $4447.40-$4509.90 | Daily demand: $4100.00-$4200.00",1H structure NEUTRAL — wait for clear HH/HL or LH/LL,OFF_HOURS
2026-06-17 11:46:30,BTC,64007.23,WATCH_BUY,BULLISH,25,False,64007.23,63940.36,64905.35,13.43,BULLISH,HH_HL,BULLISH,27,STRONG_BULLISH,49,64066.78125,64905.3515625,63962.6484375,64007.23046875,73370.8515625,74020.7578125,59108.91796875,63807.69140625,NONE,0,0,ASCENDING,1,30.0,DOUBLE_BOTTOM,60898.89,62133.46,37,False,0,NONE,NONE,0,NONE,0,0,64055.36,64067.58,63938.89,64067.58,,,,,,,,,"1H structure: BULLISH (HH_HL) | 1H momentum: BULLISH (27) | Channel: ASCENDING | Position: 100% | DOUBLE_BOTTOM at $60,898.89 | Neckline: $62,133.46 (37%) | Bearish Breaker Block $64,055.36-$64,067.58 (broke at $63,938.89) | Bullish Breaker Block $63,938.89-$64,067.58 (broke at $64,160.13) | Daily supply: $73370.85-$74020.76 | Daily demand: $59108.92-$63807.69 | Bullish confirmation candle: BULLISH_MARUBOZU",Price approaching demand $63962.65-$64007.23 ($1659 away) | Wait for sell-side liquidity sweep | Wait for bullish BOS/CHOCH on 5m,OFF_HOURS
2026-06-17 11:46:40,GOLD,4348.9,WATCH_NEUTRAL,NEUTRAL,0,False,4348.9,0,0,0,NEUTRAL,COMPRESSION,NEUTRAL,3,BULLISH,27,4356.39990234375,4369.7998046875,4349.10009765625,4354.0,4447.39990234375,4509.89990234375,4100.0,4200.0,V_BOTTOM,75,4333.7,NONE,0.5,0,DOUBLE_TOP,4376.5,4352.6,100,False,0,NONE,NONE,0,NONE,0,0,4235.0,4246.8,4231.6,4247.0,,,,,,,,,"1H structure: NEUTRAL (COMPRESSION) | V-Reversal: V_BOTTOM at $4333.70 (75%) | DOUBLE_TOP at $4,376.50 | Neckline: $4,352.60 (100%) | Bearish Breaker Block $4,235.00-$4,246.80 (broke at $4,231.60) | Bullish Breaker Block $4,231.60-$4,247.00 (broke at $4,247.90) | Daily supply: $4447.40-$4509.90 | Daily demand: $4100.00-$4200.00",1H structure NEUTRAL — wait for clear HH/HL or LH/LL,OFF_HOURS
2026-06-17 11:46:43,BTC,65666.18,WATCH_BUY,BULLISH,25,False,65666.18,63940.36,64905.35,0.44,BULLISH,HH_HL,BULLISH,27,STRONG_BULLISH,49,64066.78125,64905.3515625,63962.6484375,64007.23046875,73370.8515625,74020.7578125,59108.91796875,63807.69140625,NONE,0,0,ASCENDING,1,30.0,DOUBLE_BOTTOM,60898.89,62133.46,37,False,0,NONE,NONE,0,NONE,0,0,64055.36,64067.58,63938.89,64067.58,,,,,,,,,"1H structure: BULLISH (HH_HL) | 1H momentum: BULLISH (27) | Channel: ASCENDING | Position: 100% | DOUBLE_BOTTOM at $60,898.89 | Neckline: $62,133.46 (37%) | Bearish Breaker Block $64,055.36-$64,067.58 (broke at $63,938.89) | Bullish Breaker Block $63,938.89-$64,067.58 (broke at $64,160.13) | Daily supply: $73370.85-$74020.76 | Daily demand: $59108.92-$63807.69 | Bullish confirmation candle: BULLISH_MARUBOZU",Price approaching demand $63962.65-$64007.23 ($1659 away) | Wait for sell-side liquidity sweep | Wait for bullish BOS/CHOCH on 5m,OFF_HOURS
2026-06-17 11:47:02,BTC,65666.18,WATCH_BUY,BULLISH,25,False,65666.18,63940.36,64905.35,0.44,BULLISH,HH_HL,BULLISH,27,STRONG_BULLISH,49,64066.78125,64905.3515625,63962.6484375,64007.23046875,73370.8515625,74020.7578125,59108.91796875,63807.69140625,NONE,0,0,ASCENDING,1,30.0,DOUBLE_BOTTOM,60898.89,62133.46,37,False,0,NONE,NONE,0,NONE,0,0,64055.36,64067.58,63938.89,64067.58,,,,,,,,,"1H structure: BULLISH (HH_HL) | 1H momentum: BULLISH (27) | Channel: ASCENDING | Position: 100% | DOUBLE_BOTTOM at $60,898.89 | Neckline: $62,133.46 (37%) | Bearish Breaker Block $64,055.36-$64,067.58 (broke at $63,938.89) | Bullish Breaker Block $63,938.89-$64,067.58 (broke at $64,160.13) | Daily supply: $73370.85-$74020.76 | Daily demand: $59108.92-$63807.69 | Bullish confirmation candle: BULLISH_MARUBOZU",Price approaching demand $63962.65-$64007.23 ($1659 away) | Wait for sell-side liquidity sweep | Wait for bullish BOS/CHOCH on 5m,OFF_HOURS
2026-06-17 11:47:05,GOLD,4348.9,WATCH_NEUTRAL,NEUTRAL,0,False,4348.9,0,0,0,NEUTRAL,COMPRESSION,NEUTRAL,2,BULLISH,27,4356.39990234375,4369.7998046875,4349.10009765625,4354.0,4447.39990234375,4509.89990234375,4100.0,4200.0,V_BOTTOM,75,4333.7,NONE,0.5,0,DOUBLE_TOP,4376.5,4352.6,100,False,0,NONE,NONE,0,NONE,0,0,4235.0,4246.8,4231.6,4247.0,,,,,,,,,"1H structure: NEUTRAL (COMPRESSION) | V-Reversal: V_BOTTOM at $4333.70 (75%) | DOUBLE_TOP at $4,376.50 | Neckline: $4,352.60 (100%) | Bearish Breaker Block $4,235.00-$4,246.80 (broke at $4,231.60) | Bullish Breaker Block $4,231.60-$4,247.00 (broke at $4,247.90) | Daily supply: $4447.40-$4509.90 | Daily demand: $4100.00-$4200.00",1H structure NEUTRAL — wait for clear HH/HL or LH/LL,OFF_HOURS
2026-06-17 11:47:18,BTC,64007.23,WATCH_BUY,BULLISH,25,False,64007.23,63940.36,64905.35,13.43,BULLISH,HH_HL,BULLISH,27,STRONG_BULLISH,49,64066.78125,64905.3515625,63962.6484375,64007.23046875,73370.8515625,74020.7578125,59108.91796875,63807.69140625,NONE,0,0,ASCENDING,1,30.0,DOUBLE_BOTTOM,60898.89,62133.46,37,False,0,NONE,NONE,0,NONE,0,0,64055.36,64067.58,63938.89,64067.58,,,,,,,,,"1H structure: BULLISH (HH_HL) | 1H momentum: BULLISH (27) | Channel: ASCENDING | Position: 100% | DOUBLE_BOTTOM at $60,898.89 | Neckline: $62,133.46 (37%) | Bearish Breaker Block $64,055.36-$64,067.58 (broke at $63,938.89) | Bullish Breaker Block $63,938.89-$64,067.58 (broke at $64,160.13) | Daily supply: $73370.85-$74020.76 | Daily demand: $59108.92-$63807.69 | Bullish confirmation candle: BULLISH_MARUBOZU",Price approaching demand $63962.65-$64007.23 ($1659 away) | Wait for sell-side liquidity sweep | Wait for bullish BOS/CHOCH on 5m,OFF_HOURS
2026-06-17 11:47:21,GOLD,4348.6,WATCH_NEUTRAL,NEUTRAL,0,False,4348.6,0,0,0,NEUTRAL,COMPRESSION,NEUTRAL,2,BULLISH,25,4356.39990234375,4369.7998046875,4349.10009765625,4354.0,4447.39990234375,4509.89990234375,4100.0,4200.0,V_BOTTOM,75,4333.7,NONE,0.5,0,DOUBLE_TOP,4376.5,4352.6,100,False,0,NONE,NONE,0,NONE,0,0,4235.0,4246.8,4231.6,4247.0,,,,,,,,,"1H structure: NEUTRAL (COMPRESSION) | V-Reversal: V_BOTTOM at $4333.70 (75%) | DOUBLE_TOP at $4,376.50 | Neckline: $4,352.60 (100%) | Bearish Breaker Block $4,235.00-$4,246.80 (broke at $4,231.60) | Bullish Breaker Block $4,231.60-$4,247.00 (broke at $4,247.90) | Daily supply: $4447.40-$4509.90 | Daily demand: $4100.00-$4200.00",1H structure NEUTRAL — wait for clear HH/HL or LH/LL,OFF_HOURS
2026-06-17 11:47:33,GOLD,4348.6,WATCH_NEUTRAL,NEUTRAL,0,False,4348.6,0,0,0,NEUTRAL,COMPRESSION,NEUTRAL,2,BULLISH,25,4356.39990234375,4369.7998046875,4349.10009765625,4354.0,4447.39990234375,4509.89990234375,4100.0,4200.0,V_BOTTOM,75,4333.7,NONE,0.5,0,DOUBLE_TOP,4376.5,4352.6,100,False,0,NONE,NONE,0,NONE,0,0,4235.0,4246.8,4231.6,4247.0,,,,,,,,,"1H structure: NEUTRAL (COMPRESSION) | V-Reversal: V_BOTTOM at $4333.70 (75%) | DOUBLE_TOP at $4,376.50 | Neckline: $4,352.60 (100%) | Bearish Breaker Block $4,235.00-$4,246.80 (broke at $4,231.60) | Bullish Breaker Block $4,231.60-$4,247.00 (broke at $4,247.90) | Daily supply: $4447.40-$4509.90 | Daily demand: $4100.00-$4200.00",1H structure NEUTRAL — wait for clear HH/HL or LH/LL,OFF_HOURS
2026-06-17 11:47:37,BTC,64007.23,WATCH_BUY,BULLISH,25,False,64007.23,63940.36,64905.35,13.43,BULLISH,HH_HL,BULLISH,27,STRONG_BULLISH,49,64066.78125,64905.3515625,63962.6484375,64007.23046875,73370.8515625,74020.7578125,59108.91796875,63807.69140625,NONE,0,0,ASCENDING,1,30.0,DOUBLE_BOTTOM,60898.89,62133.46,37,False,0,NONE,NONE,0,NONE,0,0,64055.36,64067.58,63938.89,64067.58,,,,,,,,,"1H structure: BULLISH (HH_HL) | 1H momentum: BULLISH (27) | Channel: ASCENDING | Position: 100% | DOUBLE_BOTTOM at $60,898.89 | Neckline: $62,133.46 (37%) | Bearish Breaker Block $64,055.36-$64,067.58 (broke at $63,938.89) | Bullish Breaker Block $63,938.89-$64,067.58 (broke at $64,160.13) | Daily supply: $73370.85-$74020.76 | Daily demand: $59108.92-$63807.69 | Bullish confirmation candle: BULLISH_MARUBOZU",Price approaching demand $63962.65-$64007.23 ($1659 away) | Wait for sell-side liquidity sweep | Wait for bullish BOS/CHOCH on 5m,OFF_HOURS
2026-06-17 11:47:43,GOLD,4348.6,WATCH_NEUTRAL,NEUTRAL,0,False,4348.6,0,0,0,NEUTRAL,COMPRESSION,NEUTRAL,2,BULLISH,25,4356.39990234375,4369.7998046875,4349.10009765625,4354.0,4447.39990234375,4509.89990234375,4100.0,4200.0,V_BOTTOM,75,4333.7,NONE,0.5,0,DOUBLE_TOP,4376.5,4352.6,100,False,0,NONE,NONE,0,NONE,0,0,4235.0,4246.8,4231.6,4247.0,,,,,,,,,"1H structure: NEUTRAL (COMPRESSION) | V-Reversal: V_BOTTOM at $4333.70 (75%) | DOUBLE_TOP at $4,376.50 | Neckline: $4,352.60 (100%) | Bearish Breaker Block $4,235.00-$4,246.80 (broke at $4,231.60) | Bullish Breaker Block $4,231.60-$4,247.00 (broke at $4,247.90) | Daily supply: $4447.40-$4509.90 | Daily demand: $4100.00-$4200.00",1H structure NEUTRAL — wait for clear HH/HL or LH/LL,OFF_HOURS
2026-06-17 11:47:50,BTC,65666.18,WATCH_BUY,BULLISH,25,False,65666.18,63940.36,64905.35,0.44,BULLISH,HH_HL,BULLISH,27,STRONG_BULLISH,49,64066.78125,64905.3515625,63962.6484375,64007.23046875,73370.8515625,74020.7578125,59108.91796875,63807.69140625,NONE,0,0,ASCENDING,1,30.0,DOUBLE_BOTTOM,60898.89,62133.46,37,False,0,NONE,NONE,0,NONE,0,0,64055.36,64067.58,63938.89,64067.58,,,,,,,,,"1H structure: BULLISH (HH_HL) | 1H momentum: BULLISH (27) | Channel: ASCENDING | Position: 100% | DOUBLE_BOTTOM at $60,898.89 | Neckline: $62,133.46 (37%) | Bearish Breaker Block $64,055.36-$64,067.58 (broke at $63,938.89) | Bullish Breaker Block $63,938.89-$64,067.58 (broke at $64,160.13) | Daily supply: $73370.85-$74020.76 | Daily demand: $59108.92-$63807.69 | Bullish confirmation candle: BULLISH_MARUBOZU",Price approaching demand $63962.65-$64007.23 ($1659 away) | Wait for sell-side liquidity sweep | Wait for bullish BOS/CHOCH on 5m,OFF_HOURS
2026-06-17 11:48:09,GOLD,4348.6,WATCH_NEUTRAL,NEUTRAL,0,False,4348.6,0,0,0,NEUTRAL,COMPRESSION,NEUTRAL,2,BULLISH,25,4356.39990234375,4369.7998046875,4349.10009765625,4354.0,4447.39990234375,4509.89990234375,4100.0,4200.0,V_BOTTOM,75,4333.7,NONE,0.5,0,DOUBLE_TOP,4376.5,4352.6,100,False,0,NONE,NONE,0,NONE,0,0,4235.0,4246.8,4231.6,4247.0,,,,,,,,,"1H structure: NEUTRAL (COMPRESSION) | V-Reversal: V_BOTTOM at $4333.70 (75%) | DOUBLE_TOP at $4,376.50 | Neckline: $4,352.60 (100%) | Bearish Breaker Block $4,235.00-$4,246.80 (broke at $4,231.60) | Bullish Breaker Block $4,231.60-$4,247.00 (broke at $4,247.90) | Daily supply: $4447.40-$4509.90 | Daily demand: $4100.00-$4200.00",1H structure NEUTRAL — wait for clear HH/HL or LH/LL,OFF_HOURS
2026-06-17 11:48:11,BTC,65666.18,WATCH_BUY,BULLISH,25,False,65666.18,63940.36,64905.35,0.44,BULLISH,HH_HL,BULLISH,27,STRONG_BULLISH,49,64066.78125,64905.3515625,63962.6484375,64007.23046875,73370.8515625,74020.7578125,59108.91796875,63807.69140625,NONE,0,0,ASCENDING,1,30.0,DOUBLE_BOTTOM,60898.89,62133.46,37,False,0,NONE,NONE,0,NONE,0,0,64055.36,64067.58,63938.89,64067.58,,,,,,,,,"1H structure: BULLISH (HH_HL) | 1H momentum: BULLISH (27) | Channel: ASCENDING | Position: 100% | DOUBLE_BOTTOM at $60,898.89 | Neckline: $62,133.46 (37%) | Bearish Breaker Block $64,055.36-$64,067.58 (broke at $63,938.89) | Bullish Breaker Block $63,938.89-$64,067.58 (broke at $64,160.13) | Daily supply: $73370.85-$74020.76 | Daily demand: $59108.92-$63807.69 | Bullish confirmation candle: BULLISH_MARUBOZU",Price approaching demand $63962.65-$64007.23 ($1659 away) | Wait for sell-side liquidity sweep | Wait for bullish BOS/CHOCH on 5m,OFF_HOURS
2026-06-17 11:48:25,GOLD,4348.6,WATCH_NEUTRAL,NEUTRAL,0,False,4348.6,0,0,0,NEUTRAL,COMPRESSION,NEUTRAL,2,BULLISH,25,4356.39990234375,4369.7998046875,4349.10009765625,4354.0,4447.39990234375,4509.89990234375,4100.0,4200.0,V_BOTTOM,75,4333.7,NONE,0.5,0,DOUBLE_TOP,4376.5,4352.6,100,False,0,NONE,NONE,0,NONE,0,0,4235.0,4246.8,4231.6,4247.0,,,,,,,,,"1H structure: NEUTRAL (COMPRESSION) | V-Reversal: V_BOTTOM at $4333.70 (75%) | DOUBLE_TOP at $4,376.50 | Neckline: $4,352.60 (100%) | Bearish Breaker Block $4,235.00-$4,246.80 (broke at $4,231.60) | Bullish Breaker Block $4,231.60-$4,247.00 (broke at $4,247.90) | Daily supply: $4447.40-$4509.90 | Daily demand: $4100.00-$4200.00",1H structure NEUTRAL — wait for clear HH/HL or LH/LL,OFF_HOURS
2026-06-17 11:48:25,BTC,64007.23,WATCH_BUY,BULLISH,25,False,64007.23,63940.36,64905.35,13.43,BULLISH,HH_HL,BULLISH,27,STRONG_BULLISH,49,64066.78125,64905.3515625,63962.6484375,64007.23046875,73370.8515625,74020.7578125,59108.91796875,63807.69140625,NONE,0,0,ASCENDING,1,30.0,DOUBLE_BOTTOM,60898.89,62133.46,37,False,0,NONE,NONE,0,NONE,0,0,64055.36,64067.58,63938.89,64067.58,,,,,,,,,"1H structure: BULLISH (HH_HL) | 1H momentum: BULLISH (27) | Channel: ASCENDING | Position: 100% | DOUBLE_BOTTOM at $60,898.89 | Neckline: $62,133.46 (37%) | Bearish Breaker Block $64,055.36-$64,067.58 (broke at $63,938.89) | Bullish Breaker Block $63,938.89-$64,067.58 (broke at $64,160.13) | Daily supply: $73370.85-$74020.76 | Daily demand: $59108.92-$63807.69 | Bullish confirmation candle: BULLISH_MARUBOZU",Price approaching demand $63962.65-$64007.23 ($1659 away) | Wait for sell-side liquidity sweep | Wait for bullish BOS/CHOCH on 5m,OFF_HOURS
2026-06-17 11:48:37,GOLD,4348.6,WATCH_NEUTRAL,NEUTRAL,0,False,4348.6,0,0,0,NEUTRAL,COMPRESSION,NEUTRAL,2,BULLISH,25,4356.39990234375,4369.7998046875,4349.10009765625,4354.0,4447.39990234375,4509.89990234375,4100.0,4200.0,V_BOTTOM,75,4333.7,NONE,0.5,0,DOUBLE_TOP,4376.5,4352.6,100,False,0,NONE,NONE,0,NONE,0,0,4235.0,4246.8,4231.6,4247.0,,,,,,,,,"1H structure: NEUTRAL (COMPRESSION) | V-Reversal: V_BOTTOM at $4333.70 (75%) | DOUBLE_TOP at $4,376.50 | Neckline: $4,352.60 (100%) | Bearish Breaker Block $4,235.00-$4,246.80 (broke at $4,231.60) | Bullish Breaker Block $4,231.60-$4,247.00 (broke at $4,247.90) | Daily supply: $4447.40-$4509.90 | Daily demand: $4100.00-$4200.00",1H structure NEUTRAL — wait for clear HH/HL or LH/LL,OFF_HOURS
2026-06-17 11:48:45,BTC,64007.23,WATCH_BUY,BULLISH,25,False,64007.23,63940.36,64905.35,13.43,BULLISH,HH_HL,BULLISH,27,STRONG_BULLISH,49,64066.78125,64905.3515625,63962.6484375,64007.23046875,73370.8515625,74020.7578125,59108.91796875,63807.69140625,NONE,0,0,ASCENDING,1,30.0,DOUBLE_BOTTOM,60898.89,62133.46,37,False,0,NONE,NONE,0,NONE,0,0,64055.36,64067.58,63938.89,64067.58,,,,,,,,,"1H structure: BULLISH (HH_HL) | 1H momentum: BULLISH (27) | Channel: ASCENDING | Position: 100% | DOUBLE_BOTTOM at $60,898.89 | Neckline: $62,133.46 (37%) | Bearish Breaker Block $64,055.36-$64,067.58 (broke at $63,938.89) | Bullish Breaker Block $63,938.89-$64,067.58 (broke at $64,160.13) | Daily supply: $73370.85-$74020.76 | Daily demand: $59108.92-$63807.69 | Bullish confirmation candle: BULLISH_MARUBOZU",Price approaching demand $63962.65-$64007.23 ($1659 away) | Wait for sell-side liquidity sweep | Wait for bullish BOS/CHOCH on 5m,OFF_HOURS
2026-06-17 11:48:46,GOLD,4348.6,WATCH_NEUTRAL,NEUTRAL,0,False,4348.6,0,0,0,NEUTRAL,COMPRESSION,NEUTRAL,2,BULLISH,25,4356.39990234375,4369.7998046875,4349.10009765625,4354.0,4447.39990234375,4509.89990234375,4100.0,4200.0,V_BOTTOM,75,4333.7,NONE,0.5,0,DOUBLE_TOP,4376.5,4352.6,100,False,0,NONE,NONE,0,NONE,0,0,4235.0,4246.8,4231.6,4247.0,,,,,,,,,"1H structure: NEUTRAL (COMPRESSION) | V-Reversal: V_BOTTOM at $4333.70 (75%) | DOUBLE_TOP at $4,376.50 | Neckline: $4,352.60 (100%) | Bearish Breaker Block $4,235.00-$4,246.80 (broke at $4,231.60) | Bullish Breaker Block $4,231.60-$4,247.00 (broke at $4,247.90) | Daily supply: $4447.40-$4509.90 | Daily demand: $4100.00-$4200.00",1H structure NEUTRAL — wait for clear HH/HL or LH/LL,OFF_HOURS
2026-06-17 11:48:59,BTC,65666.18,WATCH_BUY,BULLISH,25,False,65666.18,63940.36,64905.35,0.44,BULLISH,HH_HL,BULLISH,27,STRONG_BULLISH,49,64066.78125,64905.3515625,63962.6484375,64007.23046875,73370.8515625,74020.7578125,59108.91796875,63807.69140625,NONE,0,0,ASCENDING,1,30.0,DOUBLE_BOTTOM,60898.89,62133.46,37,False,0,NONE,NONE,0,NONE,0,0,64055.36,64067.58,63938.89,64067.58,,,,,,,,,"1H structure: BULLISH (HH_HL) | 1H momentum: BULLISH (27) | Channel: ASCENDING | Position: 100% | DOUBLE_BOTTOM at $60,898.89 | Neckline: $62,133.46 (37%) | Bearish Breaker Block $64,055.36-$64,067.58 (broke at $63,938.89) | Bullish Breaker Block $63,938.89-$64,067.58 (broke at $64,160.13) | Daily supply: $73370.85-$74020.76 | Daily demand: $59108.92-$63807.69 | Bullish confirmation candle: BULLISH_MARUBOZU",Price approaching demand $63962.65-$64007.23 ($1659 away) | Wait for sell-side liquidity sweep | Wait for bullish BOS/CHOCH on 5m,OFF_HOURS
2026-06-17 11:49:12,GOLD,4347.3,WATCH_NEUTRAL,NEUTRAL,0,False,4347.3,0,0,0,NEUTRAL,COMPRESSION,NEUTRAL,0,NEUTRAL,-15,4356.39990234375,4369.7998046875,4349.10009765625,4354.0,4447.39990234375,4509.89990234375,4100.0,4200.0,V_TOP,83,4376.5,NONE,0.5,0,DOUBLE_TOP,4376.5,4352.6,100,False,0,NONE,NONE,0,NONE,0,0,4235.0,4246.8,4231.6,4247.0,,,,,,,,,"1H structure: NEUTRAL (COMPRESSION) | V-Reversal: V_TOP at $4376.50 (83%) | DOUBLE_TOP at $4,376.50 | Neckline: $4,352.60 (100%) | Bearish Breaker Block $4,235.00-$4,246.80 (broke at $4,231.60) | Bullish Breaker Block $4,231.60-$4,247.00 (broke at $4,247.90) | Daily supply: $4447.40-$4509.90 | Daily demand: $4100.00-$4200.00",1H structure NEUTRAL — wait for clear HH/HL or LH/LL,OFF_HOURS
2026-06-17 11:49:20,BTC,65666.18,WATCH_BUY,BULLISH,25,False,65666.18,63940.36,64905.35,0.44,BULLISH,HH_HL,BULLISH,27,STRONG_BULLISH,49,64066.78125,64905.3515625,63962.6484375,64007.23046875,73370.8515625,74020.7578125,59108.91796875,63807.69140625,NONE,0,0,ASCENDING,1,30.0,DOUBLE_BOTTOM,60898.89,62133.46,37,False,0,NONE,NONE,0,NONE,0,0,64055.36,64067.58,63938.89,64067.58,,,,,,,,,"1H structure: BULLISH (HH_HL) | 1H momentum: BULLISH (27) | Channel: ASCENDING | Position: 100% | DOUBLE_BOTTOM at $60,898.89 | Neckline: $62,133.46 (37%) | Bearish Breaker Block $64,055.36-$64,067.58 (broke at $63,938.89) | Bullish Breaker Block $63,938.89-$64,067.58 (broke at $64,160.13) | Daily supply: $73370.85-$74020.76 | Daily demand: $59108.92-$63807.69 | Bullish confirmation candle: BULLISH_MARUBOZU",Price approaching demand $63962.65-$64007.23 ($1659 away) | Wait for sell-side liquidity sweep | Wait for bullish BOS/CHOCH on 5m,OFF_HOURS
2026-06-17 11:49:29,GOLD,4347.3,WATCH_NEUTRAL,NEUTRAL,0,False,4347.3,0,0,0,NEUTRAL,COMPRESSION,NEUTRAL,0,NEUTRAL,-15,4356.39990234375,4369.7998046875,4349.10009765625,4354.0,4447.39990234375,4509.89990234375,4100.0,4200.0,V_TOP,83,4376.5,NONE,0.5,0,DOUBLE_TOP,4376.5,4352.6,100,False,0,NONE,NONE,0,NONE,0,0,4235.0,4246.8,4231.6,4247.0,,,,,,,,,"1H structure: NEUTRAL (COMPRESSION) | V-Reversal: V_TOP at $4376.50 (83%) | DOUBLE_TOP at $4,376.50 | Neckline: $4,352.60 (100%) | Bearish Breaker Block $4,235.00-$4,246.80 (broke at $4,231.60) | Bullish Breaker Block $4,231.60-$4,247.00 (broke at $4,247.90) | Daily supply: $4447.40-$4509.90 | Daily demand: $4100.00-$4200.00",1H structure NEUTRAL — wait for clear HH/HL or LH/LL,OFF_HOURS
2026-06-17 11:49:33,BTC,64007.23,WATCH_BUY,BULLISH,25,False,64007.23,63940.36,64905.35,13.43,BULLISH,HH_HL,BULLISH,27,STRONG_BULLISH,49,64066.78125,64905.3515625,63962.6484375,64007.23046875,73370.8515625,74020.7578125,59108.91796875,63807.69140625,NONE,0,0,ASCENDING,1,30.0,DOUBLE_BOTTOM,60898.89,62133.46,37,False,0,NONE,NONE,0,NONE,0,0,64055.36,64067.58,63938.89,64067.58,,,,,,,,,"1H structure: BULLISH (HH_HL) | 1H momentum: BULLISH (27) | Channel: ASCENDING | Position: 100% | DOUBLE_BOTTOM at $60,898.89 | Neckline: $62,133.46 (37%) | Bearish Breaker Block $64,055.36-$64,067.58 (broke at $63,938.89) | Bullish Breaker Block $63,938.89-$64,067.58 (broke at $64,160.13) | Daily supply: $73370.85-$74020.76 | Daily demand: $59108.92-$63807.69 | Bullish confirmation candle: BULLISH_MARUBOZU",Price approaching demand $63962.65-$64007.23 ($1659 away) | Wait for sell-side liquidity sweep | Wait for bullish BOS/CHOCH on 5m,OFF_HOURS
2026-06-17 11:49:40,GOLD,4347.3,WATCH_NEUTRAL,NEUTRAL,0,False,4347.3,0,0,0,NEUTRAL,COMPRESSION,NEUTRAL,0,NEUTRAL,-15,4356.39990234375,4369.7998046875,4349.10009765625,4354.0,4447.39990234375,4509.89990234375,4100.0,4200.0,V_TOP,83,4376.5,NONE,0.5,0,DOUBLE_TOP,4376.5,4352.6,100,False,0,NONE,NONE,0,NONE,0,0,4235.0,4246.8,4231.6,4247.0,,,,,,,,,"1H structure: NEUTRAL (COMPRESSION) | V-Reversal: V_TOP at $4376.50 (83%) | DOUBLE_TOP at $4,376.50 | Neckline: $4,352.60 (100%) | Bearish Breaker Block $4,235.00-$4,246.80 (broke at $4,231.60) | Bullish Breaker Block $4,231.60-$4,247.00 (broke at $4,247.90) | Daily supply: $4447.40-$4509.90 | Daily demand: $4100.00-$4200.00",1H structure NEUTRAL — wait for clear HH/HL or LH/LL,OFF_HOURS
2026-06-17 11:49:50,GOLD,4347.3,WATCH_NEUTRAL,NEUTRAL,0,False,4347.3,0,0,0,NEUTRAL,COMPRESSION,NEUTRAL,0,NEUTRAL,-15,4356.39990234375,4369.7998046875,4349.10009765625,4354.0,4447.39990234375,4509.89990234375,4100.0,4200.0,V_TOP,83,4376.5,NONE,0.5,0,DOUBLE_TOP,4376.5,4352.6,100,False,0,NONE,NONE,0,NONE,0,0,4235.0,4246.8,4231.6,4247.0,,,,,,,,,"1H structure: NEUTRAL (COMPRESSION) | V-Reversal: V_TOP at $4376.50 (83%) | DOUBLE_TOP at $4,376.50 | Neckline: $4,352.60 (100%) | Bearish Breaker Block $4,235.00-$4,246.80 (broke at $4,231.60) | Bullish Breaker Block $4,231.60-$4,247.00 (broke at $4,247.90) | Daily supply: $4447.40-$4509.90 | Daily demand: $4100.00-$4200.00",1H structure NEUTRAL — wait for clear HH/HL or LH/LL,OFF_HOURS
2026-06-17 11:49:52,BTC,64007.23,WATCH_BUY,BULLISH,25,False,64007.23,63940.36,64905.35,13.43,BULLISH,HH_HL,BULLISH,27,STRONG_BULLISH,49,64066.78125,64905.3515625,63962.6484375,64007.23046875,73370.8515625,74020.7578125,59108.91796875,63807.69140625,NONE,0,0,ASCENDING,1,30.0,DOUBLE_BOTTOM,60898.89,62133.46,37,False,0,NONE,NONE,0,NONE,0,0,64055.36,64067.58,63938.89,64067.58,,,,,,,,,"1H structure: BULLISH (HH_HL) | 1H momentum: BULLISH (27) | Channel: ASCENDING | Position: 100% | DOUBLE_BOTTOM at $60,898.89 | Neckline: $62,133.46 (37%) | Bearish Breaker Block $64,055.36-$64,067.58 (broke at $63,938.89) | Bullish Breaker Block $63,938.89-$64,067.58 (broke at $64,160.13) | Daily supply: $73370.85-$74020.76 | Daily demand: $59108.92-$63807.69 | Bullish confirmation candle: BULLISH_MARUBOZU",Price approaching demand $63962.65-$64007.23 ($1659 away) | Wait for sell-side liquidity sweep | Wait for bullish BOS/CHOCH on 5m,OFF_HOURS
2026-06-17 11:50:07,BTC,65666.18,WATCH_BUY,BULLISH,25,False,65666.18,63940.36,64905.35,0.44,BULLISH,HH_HL,BULLISH,27,STRONG_BULLISH,49,64066.78125,64905.3515625,63962.6484375,64007.23046875,73370.8515625,74020.7578125,59108.91796875,63807.69140625,NONE,0,0,ASCENDING,1,30.0,DOUBLE_BOTTOM,60898.89,62133.46,37,False,0,NONE,NONE,0,NONE,0,0,64055.36,64067.58,63938.89,64067.58,,,,,,,,,"1H structure: BULLISH (HH_HL) | 1H momentum: BULLISH (27) | Channel: ASCENDING | Position: 100% | DOUBLE_BOTTOM at $60,898.89 | Neckline: $62,133.46 (37%) | Bearish Breaker Block $64,055.36-$64,067.58 (broke at $63,938.89) | Bullish Breaker Block $63,938.89-$64,067.58 (broke at $64,160.13) | Daily supply: $73370.85-$74020.76 | Daily demand: $59108.92-$63807.69 | Bullish confirmation candle: BULLISH_MARUBOZU",Price approaching demand $63962.65-$64007.23 ($1659 away) | Wait for sell-side liquidity sweep | Wait for bullish BOS/CHOCH on 5m,OFF_HOURS
2026-06-17 11:50:16,GOLD,4347.3,WATCH_NEUTRAL,NEUTRAL,0,False,4347.3,0,0,0,NEUTRAL,COMPRESSION,NEUTRAL,1,NEUTRAL,-15,4356.39990234375,4369.7998046875,4349.10009765625,4354.0,4447.39990234375,4509.89990234375,4100.0,4200.0,V_BOTTOM,75,4333.7,NONE,0.5,0,DOUBLE_TOP,4376.5,4352.6,100,False,0,NONE,NONE,0,NONE,0,0,4235.0,4246.8,4231.6,4247.0,,,,,,,,,"1H structure: NEUTRAL (COMPRESSION) | V-Reversal: V_BOTTOM at $4333.70 (75%) | DOUBLE_TOP at $4,376.50 | Neckline: $4,352.60 (100%) | Bearish Breaker Block $4,235.00-$4,246.80 (broke at $4,231.60) | Bullish Breaker Block $4,231.60-$4,247.00 (broke at $4,247.90) | Daily supply: $4447.40-$4509.90 | Daily demand: $4100.00-$4200.00",1H structure NEUTRAL — wait for clear HH/HL or LH/LL,OFF_HOURS
2026-06-17 11:50:27,BTC,65666.18,WATCH_BUY,BULLISH,25,False,65666.18,63940.36,64905.35,0.44,BULLISH,HH_HL,BULLISH,27,STRONG_BULLISH,49,64066.78125,64905.3515625,63962.6484375,64007.23046875,73370.8515625,74020.7578125,59108.91796875,63807.69140625,NONE,0,0,ASCENDING,1,30.0,DOUBLE_BOTTOM,60898.89,62133.46,37,False,0,NONE,NONE,0,NONE,0,0,64055.36,64067.58,63938.89,64067.58,,,,,,,,,"1H structure: BULLISH (HH_HL) | 1H momentum: BULLISH (27) | Channel: ASCENDING | Position: 100% | DOUBLE_BOTTOM at $60,898.89 | Neckline: $62,133.46 (37%) | Bearish Breaker Block $64,055.36-$64,067.58 (broke at $63,938.89) | Bullish Breaker Block $63,938.89-$64,067.58 (broke at $64,160.13) | Daily supply: $73370.85-$74020.76 | Daily demand: $59108.92-$63807.69 | Bullish confirmation candle: BULLISH_MARUBOZU",Price approaching demand $63962.65-$64007.23 ($1659 away) | Wait for sell-side liquidity sweep | Wait for bullish BOS/CHOCH on 5m,OFF_HOURS
2026-06-17 11:50:32,GOLD,4347.3,WATCH_NEUTRAL,NEUTRAL,0,False,4347.3,0,0,0,NEUTRAL,COMPRESSION,NEUTRAL,1,NEUTRAL,-15,4356.39990234375,4369.7998046875,4349.10009765625,4354.0,4447.39990234375,4509.89990234375,4100.0,4200.0,V_BOTTOM,75,4333.7,NONE,0.5,0,DOUBLE_TOP,4376.5,4352.6,100,False,0,NONE,NONE,0,NONE,0,0,4235.0,4246.8,4231.6,4247.0,,,,,,,,,"1H structure: NEUTRAL (COMPRESSION) | V-Reversal: V_BOTTOM at $4333.70 (75%) | DOUBLE_TOP at $4,376.50 | Neckline: $4,352.60 (100%) | Bearish Breaker Block $4,235.00-$4,246.80 (broke at $4,231.60) | Bullish Breaker Block $4,231.60-$4,247.00 (broke at $4,247.90) | Daily supply: $4447.40-$4509.90 | Daily demand: $4100.00-$4200.00",1H structure NEUTRAL — wait for clear HH/HL or LH/LL,OFF_HOURS
2026-06-17 11:50:41,BTC,64007.23,WATCH_BUY,BULLISH,25,False,64007.23,63940.36,64905.35,13.43,BULLISH,HH_HL,BULLISH,27,STRONG_BULLISH,49,64066.78125,64905.3515625,63962.6484375,64007.23046875,73370.8515625,74020.7578125,59108.91796875,63807.69140625,NONE,0,0,ASCENDING,1,30.0,DOUBLE_BOTTOM,60898.89,62133.46,37,False,0,NONE,NONE,0,NONE,0,0,64055.36,64067.58,63938.89,64067.58,,,,,,,,,"1H structure: BULLISH (HH_HL) | 1H momentum: BULLISH (27) | Channel: ASCENDING | Position: 100% | DOUBLE_BOTTOM at $60,898.89 | Neckline: $62,133.46 (37%) | Bearish Breaker Block $64,055.36-$64,067.58 (broke at $63,938.89) | Bullish Breaker Block $63,938.89-$64,067.58 (broke at $64,160.13) | Daily supply: $73370.85-$74020.76 | Daily demand: $59108.92-$63807.69 | Bullish confirmation candle: BULLISH_MARUBOZU",Price approaching demand $63962.65-$64007.23 ($1659 away) | Wait for sell-side liquidity sweep | Wait for bullish BOS/CHOCH on 5m,OFF_HOURS
2026-06-17 11:50:43,GOLD,4347.3,WATCH_NEUTRAL,NEUTRAL,0,False,4347.3,0,0,0,NEUTRAL,COMPRESSION,NEUTRAL,1,NEUTRAL,-15,4356.39990234375,4369.7998046875,4349.10009765625,4354.0,4447.39990234375,4509.89990234375,4100.0,4200.0,V_BOTTOM,75,4333.7,NONE,0.5,0,DOUBLE_TOP,4376.5,4352.6,100,False,0,NONE,NONE,0,NONE,0,0,4235.0,4246.8,4231.6,4247.0,,,,,,,,,"1H structure: NEUTRAL (COMPRESSION) | V-Reversal: V_BOTTOM at $4333.70 (75%) | DOUBLE_TOP at $4,376.50 | Neckline: $4,352.60 (100%) | Bearish Breaker Block $4,235.00-$4,246.80 (broke at $4,231.60) | Bullish Breaker Block $4,231.60-$4,247.00 (broke at $4,247.90) | Daily supply: $4447.40-$4509.90 | Daily demand: $4100.00-$4200.00",1H structure NEUTRAL — wait for clear HH/HL or LH/LL,OFF_HOURS
2026-06-17 11:50:54,GOLD,4347.3,WATCH_NEUTRAL,NEUTRAL,0,False,4347.3,0,0,0,NEUTRAL,COMPRESSION,NEUTRAL,1,NEUTRAL,-15,4356.39990234375,4369.7998046875,4349.10009765625,4354.0,4447.39990234375,4509.89990234375,4100.0,4200.0,V_BOTTOM,75,4333.7,NONE,0.5,0,DOUBLE_TOP,4376.5,4352.6,100,False,0,NONE,NONE,0,NONE,0,0,4235.0,4246.8,4231.6,4247.0,,,,,,,,,"1H structure: NEUTRAL (COMPRESSION) | V-Reversal: V_BOTTOM at $4333.70 (75%) | DOUBLE_TOP at $4,376.50 | Neckline: $4,352.60 (100%) | Bearish Breaker Block $4,235.00-$4,246.80 (broke at $4,231.60) | Bullish Breaker Block $4,231.60-$4,247.00 (broke at $4,247.90) | Daily supply: $4447.40-$4509.90 | Daily demand: $4100.00-$4200.00",1H structure NEUTRAL — wait for clear HH/HL or LH/LL,OFF_HOURS
2026-06-17 11:51:16,BTC,65666.18,WATCH_BUY,BULLISH,25,False,65666.18,63940.36,64905.35,0.44,BULLISH,HH_HL,BULLISH,27,STRONG_BULLISH,49,64066.78125,64905.3515625,63962.6484375,64007.23046875,73370.8515625,74020.7578125,59108.91796875,63807.69140625,NONE,0,0,ASCENDING,1,30.0,DOUBLE_BOTTOM,60898.89,62133.46,37,False,0,NONE,NONE,0,NONE,0,0,64055.36,64067.58,63938.89,64067.58,,,,,,,,,"1H structure: BULLISH (HH_HL) | 1H momentum: BULLISH (27) | Channel: ASCENDING | Position: 100% | DOUBLE_BOTTOM at $60,898.89 | Neckline: $62,133.46 (37%) | Bearish Breaker Block $64,055.36-$64,067.58 (broke at $63,938.89) | Bullish Breaker Block $63,938.89-$64,067.58 (broke at $64,160.13) | Daily supply: $73370.85-$74020.76 | Daily demand: $59108.92-$63807.69 | Bullish confirmation candle: BULLISH_MARUBOZU",Price approaching demand $63962.65-$64007.23 ($1659 away) | Wait for sell-side liquidity sweep | Wait for bullish BOS/CHOCH on 5m,OFF_HOURS
2026-06-17 11:51:35,BTC,65666.18,WATCH_BUY,BULLISH,25,False,65666.18,63940.36,64905.35,0.44,BULLISH,HH_HL,BULLISH,27,STRONG_BULLISH,49,64066.78125,64905.3515625,63962.6484375,64007.23046875,73370.8515625,74020.7578125,59108.91796875,63807.69140625,NONE,0,0,ASCENDING,1,30.0,DOUBLE_BOTTOM,60898.89,62133.46,37,False,0,NONE,NONE,0,NONE,0,0,64055.36,64067.58,63938.89,64067.58,,,,,,,,,"1H structure: BULLISH (HH_HL) | 1H momentum: BULLISH (27) | Channel: ASCENDING | Position: 100% | DOUBLE_BOTTOM at $60,898.89 | Neckline: $62,133.46 (37%) | Bearish Breaker Block $64,055.36-$64,067.58 (broke at $63,938.89) | Bullish Breaker Block $63,938.89-$64,067.58 (broke at $64,160.13) | Daily supply: $73370.85-$74020.76 | Daily demand: $59108.92-$63807.69 | Bullish confirmation candle: BULLISH_MARUBOZU",Price approaching demand $63962.65-$64007.23 ($1659 away) | Wait for sell-side liquidity sweep | Wait for bullish BOS/CHOCH on 5m,OFF_HOURS
2026-06-17 11:51:35,GOLD,4347.6,WATCH_NEUTRAL,NEUTRAL,0,False,4347.6,0,0,0,NEUTRAL,COMPRESSION,NEUTRAL,1,BULLISH,16,4356.39990234375,4369.7998046875,4349.10009765625,4354.0,4447.39990234375,4509.89990234375,4100.0,4200.0,V_TOP,83,4376.5,NONE,0.5,0,DOUBLE_TOP,4376.5,4352.6,100,False,0,NONE,NONE,0,NONE,0,0,4235.0,4246.8,4231.6,4247.0,,,,,,,,,"1H structure: NEUTRAL (COMPRESSION) | V-Reversal: V_TOP at $4376.50 (83%) | DOUBLE_TOP at $4,376.50 | Neckline: $4,352.60 (100%) | Bearish Breaker Block $4,235.00-$4,246.80 (broke at $4,231.60) | Bullish Breaker Block $4,231.60-$4,247.00 (broke at $4,247.90) | Daily supply: $4447.40-$4509.90 | Daily demand: $4100.00-$4200.00",1H structure NEUTRAL — wait for clear HH/HL or LH/LL,OFF_HOURS
2026-06-17 11:51:46,GOLD,4347.6,WATCH_NEUTRAL,NEUTRAL,0,False,4347.6,0,0,0,NEUTRAL,COMPRESSION,NEUTRAL,1,BULLISH,16,4356.39990234375,4369.7998046875,4349.10009765625,4354.0,4447.39990234375,4509.89990234375,4100.0,4200.0,V_TOP,83,4376.5,NONE,0.5,0,DOUBLE_TOP,4376.5,4352.6,100,False,0,NONE,NONE,0,NONE,0,0,4235.0,4246.8,4231.6,4247.0,,,,,,,,,"1H structure: NEUTRAL (COMPRESSION) | V-Reversal: V_TOP at $4376.50 (83%) | DOUBLE_TOP at $4,376.50 | Neckline: $4,352.60 (100%) | Bearish Breaker Block $4,235.00-$4,246.80 (broke at $4,231.60) | Bullish Breaker Block $4,231.60-$4,247.00 (broke at $4,247.90) | Daily supply: $4447.40-$4509.90 | Daily demand: $4100.00-$4200.00",1H structure NEUTRAL — wait for clear HH/HL or LH/LL,OFF_HOURS
2026-06-17 11:51:48,BTC,64007.23,WATCH_BUY,BULLISH,25,False,64007.23,63940.36,64905.35,13.43,BULLISH,HH_HL,BULLISH,27,STRONG_BULLISH,49,64066.78125,64905.3515625,63962.6484375,64007.23046875,73370.8515625,74020.7578125,59108.91796875,63807.69140625,NONE,0,0,ASCENDING,1,30.0,DOUBLE_BOTTOM,60898.89,62133.46,37,False,0,NONE,NONE,0,NONE,0,0,64055.36,64067.58,63938.89,64067.58,,,,,,,,,"1H structure: BULLISH (HH_HL) | 1H momentum: BULLISH (27) | Channel: ASCENDING | Position: 100% | DOUBLE_BOTTOM at $60,898.89 | Neckline: $62,133.46 (37%) | Bearish Breaker Block $64,055.36-$64,067.58 (broke at $63,938.89) | Bullish Breaker Block $63,938.89-$64,067.58 (broke at $64,160.13) | Daily supply: $73370.85-$74020.76 | Daily demand: $59108.92-$63807.69 | Bullish confirmation candle: BULLISH_MARUBOZU",Price approaching demand $63962.65-$64007.23 ($1659 away) | Wait for sell-side liquidity sweep | Wait for bullish BOS/CHOCH on 5m,OFF_HOURS
2026-06-17 11:51:59,GOLD,4347.6,WATCH_NEUTRAL,NEUTRAL,0,False,4347.6,0,0,0,NEUTRAL,COMPRESSION,NEUTRAL,1,BULLISH,16,4356.39990234375,4369.7998046875,4349.10009765625,4354.0,4447.39990234375,4509.89990234375,4100.0,4200.0,V_TOP,83,4376.5,NONE,0.5,0,DOUBLE_TOP,4376.5,4352.6,100,False,0,NONE,NONE,0,NONE,0,0,4235.0,4246.8,4231.6,4247.0,,,,,,,,,"1H structure: NEUTRAL (COMPRESSION) | V-Reversal: V_TOP at $4376.50 (83%) | DOUBLE_TOP at $4,376.50 | Neckline: $4,352.60 (100%) | Bearish Breaker Block $4,235.00-$4,246.80 (broke at $4,231.60) | Bullish Breaker Block $4,231.60-$4,247.00 (broke at $4,247.90) | Daily supply: $4447.40-$4509.90 | Daily demand: $4100.00-$4200.00",1H structure NEUTRAL — wait for clear HH/HL or LH/LL,OFF_HOURS
2026-06-17 11:52:24,BTC,65666.18,WATCH_BUY,BULLISH,25,False,65666.18,63940.36,64905.35,0.44,BULLISH,HH_HL,BULLISH,27,STRONG_BULLISH,49,64066.78125,64905.3515625,63962.6484375,64007.23046875,73370.8515625,74020.7578125,59108.91796875,63807.69140625,NONE,0,0,ASCENDING,1,30.0,DOUBLE_BOTTOM,60898.89,62133.46,37,False,0,NONE,NONE,0,NONE,0,0,64055.36,64067.58,63938.89,64067.58,,,,,,,,,"1H structure: BULLISH (HH_HL) | 1H momentum: BULLISH (27) | Channel: ASCENDING | Position: 100% | DOUBLE_BOTTOM at $60,898.89 | Neckline: $62,133.46 (37%) | Bearish Breaker Block $64,055.36-$64,067.58 (broke at $63,938.89) | Bullish Breaker Block $63,938.89-$64,067.58 (broke at $64,160.13) | Daily supply: $73370.85-$74020.76 | Daily demand: $59108.92-$63807.69 | Bullish confirmation candle: BULLISH_MARUBOZU",Price approaching demand $63962.65-$64007.23 ($1659 away) | Wait for sell-side liquidity sweep | Wait for bullish BOS/CHOCH on 5m,OFF_HOURS
2026-06-17 11:52:39,GOLD,4347.9,WATCH_NEUTRAL,NEUTRAL,0,False,4347.9,0,0,0,NEUTRAL,COMPRESSION,NEUTRAL,1,BULLISH,17,4356.39990234375,4369.7998046875,4349.10009765625,4354.0,4447.39990234375,4509.89990234375,4100.0,4200.0,V_BOTTOM,75,4333.7,NONE,0.5,0,DOUBLE_TOP,4376.5,4352.6,100,False,0,NONE,NONE,0,NONE,0,0,4235.0,4246.8,4231.6,4247.0,,,,,,,,,"1H structure: NEUTRAL (COMPRESSION) | V-Reversal: V_BOTTOM at $4333.70 (75%) | DOUBLE_TOP at $4,376.50 | Neckline: $4,352.60 (100%) | Bearish Breaker Block $4,235.00-$4,246.80 (broke at $4,231.60) | Bullish Breaker Block $4,231.60-$4,247.00 (broke at $4,247.90) | Daily supply: $4447.40-$4509.90 | Daily demand: $4100.00-$4200.00",1H structure NEUTRAL — wait for clear HH/HL or LH/LL,OFF_HOURS
2026-06-17 11:52:43,BTC,65666.18,WATCH_BUY,BULLISH,25,False,65666.18,63940.36,64905.35,0.44,BULLISH,HH_HL,BULLISH,27,STRONG_BULLISH,49,64066.78125,64905.3515625,63962.6484375,64007.23046875,73370.8515625,74020.7578125,59108.91796875,63807.69140625,NONE,0,0,ASCENDING,1,30.0,DOUBLE_BOTTOM,60898.89,62133.46,37,False,0,NONE,NONE,0,NONE,0,0,64055.36,64067.58,63938.89,64067.58,,,,,,,,,"1H structure: BULLISH (HH_HL) | 1H momentum: BULLISH (27) | Channel: ASCENDING | Position: 100% | DOUBLE_BOTTOM at $60,898.89 | Neckline: $62,133.46 (37%) | Bearish Breaker Block $64,055.36-$64,067.58 (broke at $63,938.89) | Bullish Breaker Block $63,938.89-$64,067.58 (broke at $64,160.13) | Daily supply: $73370.85-$74020.76 | Daily demand: $59108.92-$63807.69 | Bullish confirmation candle: BULLISH_MARUBOZU",Price approaching demand $63962.65-$64007.23 ($1659 away) | Wait for sell-side liquidity sweep | Wait for bullish BOS/CHOCH on 5m,OFF_HOURS
2026-06-17 11:52:49,GOLD,4347.9,WATCH_NEUTRAL,NEUTRAL,0,False,4347.9,0,0,0,NEUTRAL,COMPRESSION,NEUTRAL,1,BULLISH,17,4356.39990234375,4369.7998046875,4349.10009765625,4354.0,4447.39990234375,4509.89990234375,4100.0,4200.0,V_BOTTOM,75,4333.7,NONE,0.5,0,DOUBLE_TOP,4376.5,4352.6,100,False,0,NONE,NONE,0,NONE,0,0,4235.0,4246.8,4231.6,4247.0,,,,,,,,,"1H structure: NEUTRAL (COMPRESSION) | V-Reversal: V_BOTTOM at $4333.70 (75%) | DOUBLE_TOP at $4,376.50 | Neckline: $4,352.60 (100%) | Bearish Breaker Block $4,235.00-$4,246.80 (broke at $4,231.60) | Bullish Breaker Block $4,231.60-$4,247.00 (broke at $4,247.90) | Daily supply: $4447.40-$4509.90 | Daily demand: $4100.00-$4200.00",1H structure NEUTRAL — wait for clear HH/HL or LH/LL,OFF_HOURS
2026-06-17 11:52:56,BTC,64007.23,WATCH_BUY,BULLISH,25,False,64007.23,63940.36,64905.35,13.43,BULLISH,HH_HL,BULLISH,27,STRONG_BULLISH,49,64066.78125,64905.3515625,63962.6484375,64007.23046875,73370.8515625,74020.7578125,59108.91796875,63807.69140625,NONE,0,0,ASCENDING,1,30.0,DOUBLE_BOTTOM,60898.89,62133.46,37,False,0,NONE,NONE,0,NONE,0,0,64055.36,64067.58,63938.89,64067.58,,,,,,,,,"1H structure: BULLISH (HH_HL) | 1H momentum: BULLISH (27) | Channel: ASCENDING | Position: 100% | DOUBLE_BOTTOM at $60,898.89 | Neckline: $62,133.46 (37%) | Bearish Breaker Block $64,055.36-$64,067.58 (broke at $63,938.89) | Bullish Breaker Block $63,938.89-$64,067.58 (broke at $64,160.13) | Daily supply: $73370.85-$74020.76 | Daily demand: $59108.92-$63807.69 | Bullish confirmation candle: BULLISH_MARUBOZU",Price approaching demand $63962.65-$64007.23 ($1659 away) | Wait for sell-side liquidity sweep | Wait for bullish BOS/CHOCH on 5m,OFF_HOURS
2026-06-17 11:53:04,GOLD,4347.9,WATCH_NEUTRAL,NEUTRAL,0,False,4347.9,0,0,0,NEUTRAL,COMPRESSION,NEUTRAL,1,BULLISH,17,4356.39990234375,4369.7998046875,4349.10009765625,4354.0,4447.39990234375,4509.89990234375,4100.0,4200.0,V_BOTTOM,75,4333.7,NONE,0.5,0,DOUBLE_TOP,4376.5,4352.6,100,False,0,NONE,NONE,0,NONE,0,0,4235.0,4246.8,4231.6,4247.0,,,,,,,,,"1H structure: NEUTRAL (COMPRESSION) | V-Reversal: V_BOTTOM at $4333.70 (75%) | DOUBLE_TOP at $4,376.50 | Neckline: $4,352.60 (100%) | Bearish Breaker Block $4,235.00-$4,246.80 (broke at $4,231.60) | Bullish Breaker Block $4,231.60-$4,247.00 (broke at $4,247.90) | Daily supply: $4447.40-$4509.90 | Daily demand: $4100.00-$4200.00",1H structure NEUTRAL — wait for clear HH/HL or LH/LL,OFF_HOURS
2026-06-17 11:53:31,BTC,65666.18,WATCH_BUY,BULLISH,25,False,65666.18,63940.36,64905.35,0.44,BULLISH,HH_HL,BULLISH,27,STRONG_BULLISH,49,64066.78125,64905.3515625,63962.6484375,64007.23046875,73370.8515625,74020.7578125,59108.91796875,63807.69140625,NONE,0,0,ASCENDING,1,30.0,DOUBLE_BOTTOM,60898.89,62133.46,37,False,0,NONE,NONE,0,NONE,0,0,64055.36,64067.58,63938.89,64067.58,,,,,,,,,"1H structure: BULLISH (HH_HL) | 1H momentum: BULLISH (27) | Channel: ASCENDING | Position: 100% | DOUBLE_BOTTOM at $60,898.89 | Neckline: $62,133.46 (37%) | Bearish Breaker Block $64,055.36-$64,067.58 (broke at $63,938.89) | Bullish Breaker Block $63,938.89-$64,067.58 (broke at $64,160.13) | Daily supply: $73370.85-$74020.76 | Daily demand: $59108.92-$63807.69 | Bullish confirmation candle: BULLISH_MARUBOZU",Price approaching demand $63962.65-$64007.23 ($1659 away) | Wait for sell-side liquidity sweep | Wait for bullish BOS/CHOCH on 5m,OFF_HOURS
2026-06-17 11:53:43,GOLD,4347.3,WATCH_NEUTRAL,NEUTRAL,0,False,4347.3,0,0,0,NEUTRAL,COMPRESSION,NEUTRAL,0,NEUTRAL,3,4356.39990234375,4369.7998046875,4349.10009765625,4354.0,4447.39990234375,4509.89990234375,4100.0,4200.0,V_TOP,83,4376.5,NONE,0.5,0,DOUBLE_TOP,4376.5,4352.6,100,False,0,NONE,NONE,0,NONE,0,0,4235.0,4246.8,4231.6,4247.0,,,,,,,,,"1H structure: NEUTRAL (COMPRESSION) | V-Reversal: V_TOP at $4376.50 (83%) | DOUBLE_TOP at $4,376.50 | Neckline: $4,352.60 (100%) | Bearish Breaker Block $4,235.00-$4,246.80 (broke at $4,231.60) | Bullish Breaker Block $4,231.60-$4,247.00 (broke at $4,247.90) | Daily supply: $4447.40-$4509.90 | Daily demand: $4100.00-$4200.00",1H structure NEUTRAL — wait for clear HH/HL or LH/LL,OFF_HOURS
2026-06-17 11:53:50,BTC,65666.18,WATCH_BUY,BULLISH,25,False,65666.18,63940.36,64905.35,0.44,BULLISH,HH_HL,BULLISH,27,STRONG_BULLISH,49,64066.78125,64905.3515625,63962.6484375,64007.23046875,73370.8515625,74020.7578125,59108.91796875,63807.69140625,NONE,0,0,ASCENDING,1,30.0,DOUBLE_BOTTOM,60898.89,62133.46,37,False,0,NONE,NONE,0,NONE,0,0,64055.36,64067.58,63938.89,64067.58,,,,,,,,,"1H structure: BULLISH (HH_HL) | 1H momentum: BULLISH (27) | Channel: ASCENDING | Position: 100% | DOUBLE_BOTTOM at $60,898.89 | Neckline: $62,133.46 (37%) | Bearish Breaker Block $64,055.36-$64,067.58 (broke at $63,938.89) | Bullish Breaker Block $63,938.89-$64,067.58 (broke at $64,160.13) | Daily supply: $73370.85-$74020.76 | Daily demand: $59108.92-$63807.69 | Bullish confirmation candle: BULLISH_MARUBOZU",Price approaching demand $63962.65-$64007.23 ($1659 away) | Wait for sell-side liquidity sweep | Wait for bullish BOS/CHOCH on 5m,OFF_HOURS
2026-06-17 11:53:53,GOLD,4347.3,WATCH_NEUTRAL,NEUTRAL,0,False,4347.3,0,0,0,NEUTRAL,COMPRESSION,NEUTRAL,0,NEUTRAL,3,4356.39990234375,4369.7998046875,4349.10009765625,4354.0,4447.39990234375,4509.89990234375,4100.0,4200.0,V_TOP,83,4376.5,NONE,0.5,0,DOUBLE_TOP,4376.5,4352.6,100,False,0,NONE,NONE,0,NONE,0,0,4235.0,4246.8,4231.6,4247.0,,,,,,,,,"1H structure: NEUTRAL (COMPRESSION) | V-Reversal: V_TOP at $4376.50 (83%) | DOUBLE_TOP at $4,376.50 | Neckline: $4,352.60 (100%) | Bearish Breaker Block $4,235.00-$4,246.80 (broke at $4,231.60) | Bullish Breaker Block $4,231.60-$4,247.00 (broke at $4,247.90) | Daily supply: $4447.40-$4509.90 | Daily demand: $4100.00-$4200.00",1H structure NEUTRAL — wait for clear HH/HL or LH/LL,OFF_HOURS
2026-06-17 11:54:04,BTC,64007.23,WATCH_BUY,BULLISH,25,False,64007.23,63940.36,64905.35,13.43,BULLISH,HH_HL,BULLISH,27,STRONG_BULLISH,49,64066.78125,64905.3515625,63962.6484375,64007.23046875,73370.8515625,74020.7578125,59108.91796875,63807.69140625,NONE,0,0,ASCENDING,1,30.0,DOUBLE_BOTTOM,60898.89,62133.46,37,False,0,NONE,NONE,0,NONE,0,0,64055.36,64067.58,63938.89,64067.58,,,,,,,,,"1H structure: BULLISH (HH_HL) | 1H momentum: BULLISH (27) | Channel: ASCENDING | Position: 100% | DOUBLE_BOTTOM at $60,898.89 | Neckline: $62,133.46 (37%) | Bearish Breaker Block $64,055.36-$64,067.58 (broke at $63,938.89) | Bullish Breaker Block $63,938.89-$64,067.58 (broke at $64,160.13) | Daily supply: $73370.85-$74020.76 | Daily demand: $59108.92-$63807.69 | Bullish confirmation candle: BULLISH_MARUBOZU",Price approaching demand $63962.65-$64007.23 ($1659 away) | Wait for sell-side liquidity sweep | Wait for bullish BOS/CHOCH on 5m,OFF_HOURS
2026-06-17 11:54:07,GOLD,4347.3,WATCH_NEUTRAL,NEUTRAL,0,False,4347.3,0,0,0,NEUTRAL,COMPRESSION,NEUTRAL,3,NEUTRAL,3,4356.39990234375,4369.7998046875,4349.10009765625,4354.0,4447.39990234375,4509.89990234375,4100.0,4200.0,V_BOTTOM,75,4333.7,NONE,0.5,0,DOUBLE_TOP,4376.5,4352.6,100,False,0,NONE,NONE,0,NONE,0,0,4235.0,4246.8,4231.6,4247.0,,,,,,,,,"1H structure: NEUTRAL (COMPRESSION) | V-Reversal: V_BOTTOM at $4333.70 (75%) | DOUBLE_TOP at $4,376.50 | Neckline: $4,352.60 (100%) | Bearish Breaker Block $4,235.00-$4,246.80 (broke at $4,231.60) | Bullish Breaker Block $4,231.60-$4,247.00 (broke at $4,247.90) | Daily supply: $4447.40-$4509.90 | Daily demand: $4100.00-$4200.00",1H structure NEUTRAL — wait for clear HH/HL or LH/LL,OFF_HOURS
2026-06-17 11:54:39,BTC,65666.18,WATCH_BUY,BULLISH,25,False,65666.18,63940.36,64905.35,0.44,BULLISH,HH_HL,BULLISH,27,STRONG_BULLISH,49,64066.78125,64905.3515625,63962.6484375,64007.23046875,73370.8515625,74020.7578125,59108.91796875,63807.69140625,NONE,0,0,ASCENDING,1,30.0,DOUBLE_BOTTOM,60898.89,62133.46,37,False,0,NONE,NONE,0,NONE,0,0,64055.36,64067.58,63938.89,64067.58,,,,,,,,,"1H structure: BULLISH (HH_HL) | 1H momentum: BULLISH (27) | Channel: ASCENDING | Position: 100% | DOUBLE_BOTTOM at $60,898.89 | Neckline: $62,133.46 (37%) | Bearish Breaker Block $64,055.36-$64,067.58 (broke at $63,938.89) | Bullish Breaker Block $63,938.89-$64,067.58 (broke at $64,160.13) | Daily supply: $73370.85-$74020.76 | Daily demand: $59108.92-$63807.69 | Bullish confirmation candle: BULLISH_MARUBOZU",Price approaching demand $63962.65-$64007.23 ($1659 away) | Wait for sell-side liquidity sweep | Wait for bullish BOS/CHOCH on 5m,OFF_HOURS
2026-06-17 11:54:46,GOLD,4348.8,WATCH_NEUTRAL,NEUTRAL,0,False,4348.8,0,0,0,NEUTRAL,COMPRESSION,NEUTRAL,3,BULLISH,19,4356.39990234375,4369.7998046875,4349.10009765625,4354.0,4447.39990234375,4509.89990234375,4100.0,4200.0,V_BOTTOM,75,4333.7,NONE,0.5,0,DOUBLE_TOP,4376.5,4352.6,100,False,0,NONE,NONE,0,NONE,0,0,4235.0,4246.8,4231.6,4247.0,,,,,,,,,"1H structure: NEUTRAL (COMPRESSION) | V-Reversal: V_BOTTOM at $4333.70 (75%) | DOUBLE_TOP at $4,376.50 | Neckline: $4,352.60 (100%) | Bearish Breaker Block $4,235.00-$4,246.80 (broke at $4,231.60) | Bullish Breaker Block $4,231.60-$4,247.00 (broke at $4,247.90) | Daily supply: $4447.40-$4509.90 | Daily demand: $4100.00-$4200.00",1H structure NEUTRAL — wait for clear HH/HL or LH/LL,OFF_HOURS
2026-06-17 11:54:56,GOLD,4348.8,WATCH_NEUTRAL,NEUTRAL,0,False,4348.8,0,0,0,NEUTRAL,COMPRESSION,NEUTRAL,3,BULLISH,19,4356.39990234375,4369.7998046875,4349.10009765625,4354.0,4447.39990234375,4509.89990234375,4100.0,4200.0,V_BOTTOM,75,4333.7,NONE,0.5,0,DOUBLE_TOP,4376.5,4352.6,100,False,0,NONE,NONE,0,NONE,0,0,4235.0,4246.8,4231.6,4247.0,,,,,,,,,"1H structure: NEUTRAL (COMPRESSION) | V-Reversal: V_BOTTOM at $4333.70 (75%) | DOUBLE_TOP at $4,376.50 | Neckline: $4,352.60 (100%) | Bearish Breaker Block $4,235.00-$4,246.80 (broke at $4,231.60) | Bullish Breaker Block $4,231.60-$4,247.00 (broke at $4,247.90) | Daily supply: $4447.40-$4509.90 | Daily demand: $4100.00-$4200.00",1H structure NEUTRAL — wait for clear HH/HL or LH/LL,OFF_HOURS
2026-06-17 11:54:58,BTC,65666.18,WATCH_BUY,BULLISH,25,False,65666.18,63940.36,64905.35,0.44,BULLISH,HH_HL,BULLISH,27,STRONG_BULLISH,49,64066.78125,64905.3515625,63962.6484375,64007.23046875,73370.8515625,74020.7578125,59108.91796875,63807.69140625,NONE,0,0,ASCENDING,1,30.0,DOUBLE_BOTTOM,60898.89,62133.46,37,False,0,NONE,NONE,0,NONE,0,0,64055.36,64067.58,63938.89,64067.58,,,,,,,,,"1H structure: BULLISH (HH_HL) | 1H momentum: BULLISH (27) | Channel: ASCENDING | Position: 100% | DOUBLE_BOTTOM at $60,898.89 | Neckline: $62,133.46 (37%) | Bearish Breaker Block $64,055.36-$64,067.58 (broke at $63,938.89) | Bullish Breaker Block $63,938.89-$64,067.58 (broke at $64,160.13) | Daily supply: $73370.85-$74020.76 | Daily demand: $59108.92-$63807.69 | Bullish confirmation candle: BULLISH_MARUBOZU",Price approaching demand $63962.65-$64007.23 ($1659 away) | Wait for sell-side liquidity sweep | Wait for bullish BOS/CHOCH on 5m,OFF_HOURS
2026-06-17 11:55:12,GOLD,4348.8,WATCH_NEUTRAL,NEUTRAL,0,False,4348.8,0,0,0,NEUTRAL,COMPRESSION,NEUTRAL,1,BULLISH,19,4356.39990234375,4369.7998046875,4349.10009765625,4354.0,4447.39990234375,4509.89990234375,4100.0,4200.0,V_TOP,83,4376.5,NONE,0.5,0,DOUBLE_TOP,4376.5,4352.6,100,False,0,NONE,NONE,0,NONE,0,0,4235.0,4246.8,4231.6,4247.0,,,,,,,,,"1H structure: NEUTRAL (COMPRESSION) | V-Reversal: V_TOP at $4376.50 (83%) | DOUBLE_TOP at $4,376.50 | Neckline: $4,352.60 (100%) | Bearish Breaker Block $4,235.00-$4,246.80 (broke at $4,231.60) | Bullish Breaker Block $4,231.60-$4,247.00 (broke at $4,247.90) | Daily supply: $4447.40-$4509.90 | Daily demand: $4100.00-$4200.00",1H structure NEUTRAL — wait for clear HH/HL or LH/LL,OFF_HOURS
2026-06-17 11:55:13,BTC,64007.23,WATCH_BUY,BULLISH,25,False,64007.23,63940.36,64905.35,13.43,BULLISH,HH_HL,BULLISH,27,STRONG_BULLISH,49,64066.78125,64905.3515625,63962.6484375,64007.23046875,73370.8515625,74020.7578125,59108.91796875,63807.69140625,NONE,0,0,ASCENDING,1,30.0,DOUBLE_BOTTOM,60898.89,62133.46,37,False,0,NONE,NONE,0,NONE,0,0,64055.36,64067.58,63938.89,64067.58,,,,,,,,,"1H structure: BULLISH (HH_HL) | 1H momentum: BULLISH (27) | Channel: ASCENDING | Position: 100% | DOUBLE_BOTTOM at $60,898.89 | Neckline: $62,133.46 (37%) | Bearish Breaker Block $64,055.36-$64,067.58 (broke at $63,938.89) | Bullish Breaker Block $63,938.89-$64,067.58 (broke at $64,160.13) | Daily supply: $73370.85-$74020.76 | Daily demand: $59108.92-$63807.69 | Bullish confirmation candle: BULLISH_MARUBOZU",Price approaching demand $63962.65-$64007.23 ($1659 away) | Wait for sell-side liquidity sweep | Wait for bullish BOS/CHOCH on 5m,OFF_HOURS
2026-06-17 11:55:47,BTC,65666.18,WATCH_BUY,BULLISH,25,False,65666.18,63940.36,64905.35,0.44,BULLISH,HH_HL,BULLISH,27,STRONG_BULLISH,49,64066.78125,64905.3515625,63962.6484375,64007.23046875,73370.8515625,74020.7578125,59108.91796875,63807.69140625,NONE,0,0,ASCENDING,1,30.0,DOUBLE_BOTTOM,60898.89,62133.46,37,False,0,NONE,NONE,0,NONE,0,0,64055.36,64067.58,63938.89,64067.58,,,,,,,,,"1H structure: BULLISH (HH_HL) | 1H momentum: BULLISH (27) | Channel: ASCENDING | Position: 100% | DOUBLE_BOTTOM at $60,898.89 | Neckline: $62,133.46 (37%) | Bearish Breaker Block $64,055.36-$64,067.58 (broke at $63,938.89) | Bullish Breaker Block $63,938.89-$64,067.58 (broke at $64,160.13) | Daily supply: $73370.85-$74020.76 | Daily demand: $59108.92-$63807.69 | Bullish confirmation candle: BULLISH_MARUBOZU",Price approaching demand $63962.65-$64007.23 ($1659 away) | Wait for sell-side liquidity sweep | Wait for bullish BOS/CHOCH on 5m,OFF_HOURS
2026-06-17 11:55:50,GOLD,4348.8,WATCH_NEUTRAL,NEUTRAL,0,False,4348.8,0,0,0,NEUTRAL,COMPRESSION,NEUTRAL,1,BULLISH,19,4356.39990234375,4369.7998046875,4349.10009765625,4354.0,4447.39990234375,4509.89990234375,4100.0,4200.0,V_TOP,83,4376.5,NONE,0.5,0,DOUBLE_TOP,4376.5,4352.6,100,False,0,NONE,NONE,0,NONE,0,0,4235.0,4246.8,4231.6,4247.0,,,,,,,,,"1H structure: NEUTRAL (COMPRESSION) | V-Reversal: V_TOP at $4376.50 (83%) | DOUBLE_TOP at $4,376.50 | Neckline: $4,352.60 (100%) | Bearish Breaker Block $4,235.00-$4,246.80 (broke at $4,231.60) | Bullish Breaker Block $4,231.60-$4,247.00 (broke at $4,247.90) | Daily supply: $4447.40-$4509.90 | Daily demand: $4100.00-$4200.00",1H structure NEUTRAL — wait for clear HH/HL or LH/LL,OFF_HOURS
2026-06-17 11:55:59,GOLD,4348.8,WATCH_NEUTRAL,NEUTRAL,0,False,4348.8,0,0,0,NEUTRAL,COMPRESSION,NEUTRAL,1,BULLISH,19,4356.39990234375,4369.7998046875,4349.10009765625,4354.0,4447.39990234375,4509.89990234375,4100.0,4200.0,V_TOP,83,4376.5,NONE,0.5,0,DOUBLE_TOP,4376.5,4352.6,100,False,0,NONE,NONE,0,NONE,0,0,4235.0,4246.8,4231.6,4247.0,,,,,,,,,"1H structure: NEUTRAL (COMPRESSION) | V-Reversal: V_TOP at $4376.50 (83%) | DOUBLE_TOP at $4,376.50 | Neckline: $4,352.60 (100%) | Bearish Breaker Block $4,235.00-$4,246.80 (broke at $4,231.60) | Bullish Breaker Block $4,231.60-$4,247.00 (broke at $4,247.90) | Daily supply: $4447.40-$4509.90 | Daily demand: $4100.00-$4200.00",1H structure NEUTRAL — wait for clear HH/HL or LH/LL,OFF_HOURS
2026-06-17 11:56:06,BTC,65666.18,WATCH_BUY,BULLISH,25,False,65666.18,63940.36,64905.35,0.44,BULLISH,HH_HL,BULLISH,27,STRONG_BULLISH,49,64066.78125,64905.3515625,63962.6484375,64007.23046875,73370.8515625,74020.7578125,59108.91796875,63807.69140625,NONE,0,0,ASCENDING,1,30.0,DOUBLE_BOTTOM,60898.89,62133.46,37,False,0,NONE,NONE,0,NONE,0,0,64055.36,64067.58,63938.89,64067.58,,,,,,,,,"1H structure: BULLISH (HH_HL) | 1H momentum: BULLISH (27) | Channel: ASCENDING | Position: 100% | DOUBLE_BOTTOM at $60,898.89 | Neckline: $62,133.46 (37%) | Bearish Breaker Block $64,055.36-$64,067.58 (broke at $63,938.89) | Bullish Breaker Block $63,938.89-$64,067.58 (broke at $64,160.13) | Daily supply: $73370.85-$74020.76 | Daily demand: $59108.92-$63807.69 | Bullish confirmation candle: BULLISH_MARUBOZU",Price approaching demand $63962.65-$64007.23 ($1659 away) | Wait for sell-side liquidity sweep | Wait for bullish BOS/CHOCH on 5m,OFF_HOURS
2026-06-17 11:56:15,GOLD,4346.3,WATCH_SELL,NEUTRAL,0,False,4346.3,4376.5,4349.1,0.09,NEUTRAL,COMPRESSION,STRONG_BEARISH,-74,NEUTRAL,-15,4356.39990234375,4369.7998046875,4349.10009765625,4354.0,4447.39990234375,4509.89990234375,4100.0,4200.0,V_TOP,83,4376.5,NONE,0.5,0,DOUBLE_TOP,4376.5,4352.6,100,False,0,NONE,NONE,0,NONE,0,0,4235.0,4246.8,4231.6,4247.0,,,,,,,,,"1H structure: NEUTRAL (COMPRESSION) | 1H momentum: STRONG_BEARISH (-74) | V-Reversal: V_TOP at $4376.50 (83%) | DOUBLE_TOP at $4,376.50 | Neckline: $4,352.60 (100%) | Bearish Breaker Block $4,235.00-$4,246.80 (broke at $4,231.60) | Bullish Breaker Block $4,231.60-$4,247.00 (broke at $4,247.90) | Daily supply: $4447.40-$4509.90 | Daily demand: $4100.00-$4200.00",Wait for price to reach supply $4356.40-$4369.80 ($10 away) | Wait for buy-side liquidity sweep | Wait for bearish confirmation candle | Wait for bearish BOS/CHOCH on 5m,OFF_HOURS
2026-06-17 11:56:21,BTC,64007.23,WATCH_BUY,BULLISH,25,False,64007.23,63940.36,64905.35,13.43,BULLISH,HH_HL,BULLISH,27,STRONG_BULLISH,49,64066.78125,64905.3515625,63962.6484375,64007.23046875,73370.8515625,74020.7578125,59108.91796875,63807.69140625,NONE,0,0,ASCENDING,1,30.0,DOUBLE_BOTTOM,60898.89,62133.46,37,False,0,NONE,NONE,0,NONE,0,0,64055.36,64067.58,63938.89,64067.58,,,,,,,,,"1H structure: BULLISH (HH_HL) | 1H momentum: BULLISH (27) | Channel: ASCENDING | Position: 100% | DOUBLE_BOTTOM at $60,898.89 | Neckline: $62,133.46 (37%) | Bearish Breaker Block $64,055.36-$64,067.58 (broke at $63,938.89) | Bullish Breaker Block $63,938.89-$64,067.58 (broke at $64,160.13) | Daily supply: $73370.85-$74020.76 | Daily demand: $59108.92-$63807.69 | Bullish confirmation candle: BULLISH_MARUBOZU",Price approaching demand $63962.65-$64007.23 ($1659 away) | Wait for sell-side liquidity sweep | Wait for bullish BOS/CHOCH on 5m,OFF_HOURS
2026-06-17 11:56:54,GOLD,4346.3,WATCH_SELL,NEUTRAL,0,False,4346.3,4376.5,4349.1,0.09,NEUTRAL,COMPRESSION,STRONG_BEARISH,-74,NEUTRAL,-15,4356.39990234375,4369.7998046875,4349.10009765625,4354.0,4447.39990234375,4509.89990234375,4100.0,4200.0,V_TOP,83,4376.5,NONE,0.5,0,DOUBLE_TOP,4376.5,4352.6,100,False,0,NONE,NONE,0,NONE,0,0,4235.0,4246.8,4231.6,4247.0,,,,,,,,,"1H structure: NEUTRAL (COMPRESSION) | 1H momentum: STRONG_BEARISH (-74) | V-Reversal: V_TOP at $4376.50 (83%) | DOUBLE_TOP at $4,376.50 | Neckline: $4,352.60 (100%) | Bearish Breaker Block $4,235.00-$4,246.80 (broke at $4,231.60) | Bullish Breaker Block $4,231.60-$4,247.00 (broke at $4,247.90) | Daily supply: $4447.40-$4509.90 | Daily demand: $4100.00-$4200.00",Wait for price to reach supply $4356.40-$4369.80 ($10 away) | Wait for buy-side liquidity sweep | Wait for bearish confirmation candle | Wait for bearish BOS/CHOCH on 5m,OFF_HOURS
2026-06-17 11:56:54,BTC,65666.18,WATCH_BUY,BULLISH,25,False,65666.18,63940.36,64905.35,0.44,BULLISH,HH_HL,BULLISH,27,STRONG_BULLISH,49,64066.78125,64905.3515625,63962.6484375,64007.23046875,73370.8515625,74020.7578125,59108.91796875,63807.69140625,NONE,0,0,ASCENDING,1,30.0,DOUBLE_BOTTOM,60898.89,62133.46,37,False,0,NONE,NONE,0,NONE,0,0,64055.36,64067.58,63938.89,64067.58,,,,,,,,,"1H structure: BULLISH (HH_HL) | 1H momentum: BULLISH (27) | Channel: ASCENDING | Position: 100% | DOUBLE_BOTTOM at $60,898.89 | Neckline: $62,133.46 (37%) | Bearish Breaker Block $64,055.36-$64,067.58 (broke at $63,938.89) | Bullish Breaker Block $63,938.89-$64,067.58 (broke at $64,160.13) | Daily supply: $73370.85-$74020.76 | Daily demand: $59108.92-$63807.69 | Bullish confirmation candle: BULLISH_MARUBOZU",Price approaching demand $63962.65-$64007.23 ($1659 away) | Wait for sell-side liquidity sweep | Wait for bullish BOS/CHOCH on 5m,OFF_HOURS
2026-06-17 11:57:03,GOLD,4356.4,WATCH_SELL,NEUTRAL,0,False,4356.4,4376.5,4349.1,0.36,NEUTRAL,COMPRESSION,STRONG_BEARISH,-74,NEUTRAL,-15,4356.39990234375,4369.7998046875,4349.10009765625,4354.0,4447.39990234375,4509.89990234375,4100.0,4200.0,V_TOP,83,4376.5,NONE,0.5,0,DOUBLE_TOP,4376.5,4352.6,100,False,0,NONE,NONE,0,NONE,0,0,4235.0,4246.8,4231.6,4247.0,,,,,,,,,"1H structure: NEUTRAL (COMPRESSION) | 1H momentum: STRONG_BEARISH (-74) | V-Reversal: V_TOP at $4376.50 (83%) | DOUBLE_TOP at $4,376.50 | Neckline: $4,352.60 (100%) | Bearish Breaker Block $4,235.00-$4,246.80 (broke at $4,231.60) | Bullish Breaker Block $4,231.60-$4,247.00 (broke at $4,247.90) | Daily supply: $4447.40-$4509.90 | Daily demand: $4100.00-$4200.00",Wait for price to reach supply $4356.40-$4369.80 ($10 away) | Wait for buy-side liquidity sweep | Wait for bearish confirmation candle | Wait for bearish BOS/CHOCH on 5m,OFF_HOURS
2026-06-17 11:57:13,BTC,65666.18,WATCH_BUY,BULLISH,25,False,65666.18,63940.36,64905.35,0.44,BULLISH,HH_HL,BULLISH,27,STRONG_BULLISH,49,64066.78125,64905.3515625,63962.6484375,64007.23046875,73370.8515625,74020.7578125,59108.91796875,63807.69140625,NONE,0,0,ASCENDING,1,30.0,DOUBLE_BOTTOM,60898.89,62133.46,37,False,0,NONE,NONE,0,NONE,0,0,64055.36,64067.58,63938.89,64067.58,,,,,,,,,"1H structure: BULLISH (HH_HL) | 1H momentum: BULLISH (27) | Channel: ASCENDING | Position: 100% | DOUBLE_BOTTOM at $60,898.89 | Neckline: $62,133.46 (37%) | Bearish Breaker Block $64,055.36-$64,067.58 (broke at $63,938.89) | Bullish Breaker Block $63,938.89-$64,067.58 (broke at $64,160.13) | Daily supply: $73370.85-$74020.76 | Daily demand: $59108.92-$63807.69 | Bullish confirmation candle: BULLISH_MARUBOZU",Price approaching demand $63962.65-$64007.23 ($1659 away) | Wait for sell-side liquidity sweep | Wait for bullish BOS/CHOCH on 5m,OFF_HOURS
2026-06-17 11:57:19,GOLD,4344.5,WATCH_SELL,NEUTRAL,25,False,4344.5,4376.5,4349.1,0.14,NEUTRAL,COMPRESSION,STRONG_BEARISH,-76,BEARISH,-17,4356.39990234375,4369.7998046875,4349.10009765625,4354.0,4447.39990234375,4509.89990234375,4100.0,4200.0,V_TOP,83,4376.5,NONE,0.5,0,DOUBLE_TOP,4376.5,4352.6,100,False,0,NONE,NONE,0,NONE,0,0,4235.0,4246.8,4231.6,4247.0,,,,,,,,,"1H structure: NEUTRAL (COMPRESSION) | 1H momentum: STRONG_BEARISH (-76) | V-Reversal: V_TOP at $4376.50 (83%) | DOUBLE_TOP at $4,376.50 | Neckline: $4,352.60 (100%) | Bearish Breaker Block $4,235.00-$4,246.80 (broke at $4,231.60) | Bullish Breaker Block $4,231.60-$4,247.00 (broke at $4,247.90) | Daily supply: $4447.40-$4509.90 | Daily demand: $4100.00-$4200.00 | Bearish confirmation candle: BEARISH_MARUBOZU",Wait for price to reach supply $4356.40-$4369.80 ($12 away) | Wait for buy-side liquidity sweep | Wait for bearish BOS/CHOCH on 5m,OFF_HOURS
2026-06-17 11:57:29,BTC,64007.23,WATCH_BUY,BULLISH,25,False,64007.23,63940.36,64905.35,13.43,BULLISH,HH_HL,BULLISH,27,STRONG_BULLISH,49,64066.78125,64905.3515625,63962.6484375,64007.23046875,73370.8515625,74020.7578125,59108.91796875,63807.69140625,NONE,0,0,ASCENDING,1,30.0,DOUBLE_BOTTOM,60898.89,62133.46,37,False,0,NONE,NONE,0,NONE,0,0,64055.36,64067.58,63938.89,64067.58,,,,,,,,,"1H structure: BULLISH (HH_HL) | 1H momentum: BULLISH (27) | Channel: ASCENDING | Position: 100% | DOUBLE_BOTTOM at $60,898.89 | Neckline: $62,133.46 (37%) | Bearish Breaker Block $64,055.36-$64,067.58 (broke at $63,938.89) | Bullish Breaker Block $63,938.89-$64,067.58 (broke at $64,160.13) | Daily supply: $73370.85-$74020.76 | Daily demand: $59108.92-$63807.69 | Bullish confirmation candle: BULLISH_MARUBOZU",Price approaching demand $63962.65-$64007.23 ($1659 away) | Wait for sell-side liquidity sweep | Wait for bullish BOS/CHOCH on 5m,OFF_HOURS
2026-06-17 11:57:58,GOLD,4344.5,WATCH_SELL,NEUTRAL,25,False,4344.5,4376.5,4349.1,0.14,NEUTRAL,COMPRESSION,STRONG_BEARISH,-76,BEARISH,-17,4356.39990234375,4369.7998046875,4349.10009765625,4354.0,4447.39990234375,4509.89990234375,4100.0,4200.0,V_TOP,83,4376.5,NONE,0.5,0,DOUBLE_TOP,4376.5,4352.6,100,False,0,NONE,NONE,0,NONE,0,0,4235.0,4246.8,4231.6,4247.0,,,,,,,,,"1H structure: NEUTRAL (COMPRESSION) | 1H momentum: STRONG_BEARISH (-76) | V-Reversal: V_TOP at $4376.50 (83%) | DOUBLE_TOP at $4,376.50 | Neckline: $4,352.60 (100%) | Bearish Breaker Block $4,235.00-$4,246.80 (broke at $4,231.60) | Bullish Breaker Block $4,231.60-$4,247.00 (broke at $4,247.90) | Daily supply: $4447.40-$4509.90 | Daily demand: $4100.00-$4200.00 | Bearish confirmation candle: BEARISH_MARUBOZU",Wait for price to reach supply $4356.40-$4369.80 ($12 away) | Wait for buy-side liquidity sweep | Wait for bearish BOS/CHOCH on 5m,OFF_HOURS
2026-06-17 11:58:02,BTC,65666.18,WATCH_BUY,BULLISH,25,False,65666.18,63940.36,64905.35,0.44,BULLISH,HH_HL,BULLISH,27,STRONG_BULLISH,49,64066.78125,64905.3515625,63962.6484375,64007.23046875,73370.8515625,74020.7578125,59108.91796875,63807.69140625,NONE,0,0,ASCENDING,1,30.0,DOUBLE_BOTTOM,60898.89,62133.46,37,False,0,NONE,NONE,0,NONE,0,0,64055.36,64067.58,63938.89,64067.58,,,,,,,,,"1H structure: BULLISH (HH_HL) | 1H momentum: BULLISH (27) | Channel: ASCENDING | Position: 100% | DOUBLE_BOTTOM at $60,898.89 | Neckline: $62,133.46 (37%) | Bearish Breaker Block $64,055.36-$64,067.58 (broke at $63,938.89) | Bullish Breaker Block $63,938.89-$64,067.58 (broke at $64,160.13) | Daily supply: $73370.85-$74020.76 | Daily demand: $59108.92-$63807.69 | Bullish confirmation candle: BULLISH_MARUBOZU",Price approaching demand $63962.65-$64007.23 ($1659 away) | Wait for sell-side liquidity sweep | Wait for bullish BOS/CHOCH on 5m,OFF_HOURS
2026-06-17 11:58:06,GOLD,4356.4,WATCH_SELL,NEUTRAL,25,False,4356.4,4376.5,4349.1,0.36,NEUTRAL,COMPRESSION,STRONG_BEARISH,-76,BEARISH,-17,4356.39990234375,4369.7998046875,4349.10009765625,4354.0,4447.39990234375,4509.89990234375,4100.0,4200.0,V_TOP,83,4376.5,NONE,0.5,0,DOUBLE_TOP,4376.5,4352.6,100,False,0,NONE,NONE,0,NONE,0,0,4235.0,4246.8,4231.6,4247.0,,,,,,,,,"1H structure: NEUTRAL (COMPRESSION) | 1H momentum: STRONG_BEARISH (-76) | V-Reversal: V_TOP at $4376.50 (83%) | DOUBLE_TOP at $4,376.50 | Neckline: $4,352.60 (100%) | Bearish Breaker Block $4,235.00-$4,246.80 (broke at $4,231.60) | Bullish Breaker Block $4,231.60-$4,247.00 (broke at $4,247.90) | Daily supply: $4447.40-$4509.90 | Daily demand: $4100.00-$4200.00 | Bearish confirmation candle: BEARISH_MARUBOZU",Wait for price to reach supply $4356.40-$4369.80 ($12 away) | Wait for buy-side liquidity sweep | Wait for bearish BOS/CHOCH on 5m,OFF_HOURS
2026-06-17 11:58:21,BTC,65666.18,WATCH_BUY,BULLISH,25,False,65666.18,63940.36,64905.35,0.44,BULLISH,HH_HL,BULLISH,27,STRONG_BULLISH,49,64066.78125,64905.3515625,63962.6484375,64007.23046875,73370.8515625,74020.7578125,59108.91796875,63807.69140625,NONE,0,0,ASCENDING,1,30.0,DOUBLE_BOTTOM,60898.89,62133.46,37,False,0,NONE,NONE,0,NONE,0,0,64055.36,64067.58,63938.89,64067.58,,,,,,,,,"1H structure: BULLISH (HH_HL) | 1H momentum: BULLISH (27) | Channel: ASCENDING | Position: 100% | DOUBLE_BOTTOM at $60,898.89 | Neckline: $62,133.46 (37%) | Bearish Breaker Block $64,055.36-$64,067.58 (broke at $63,938.89) | Bullish Breaker Block $63,938.89-$64,067.58 (broke at $64,160.13) | Daily supply: $73370.85-$74020.76 | Daily demand: $59108.92-$63807.69 | Bullish confirmation candle: BULLISH_MARUBOZU",Price approaching demand $63962.65-$64007.23 ($1659 away) | Wait for sell-side liquidity sweep | Wait for bullish BOS/CHOCH on 5m,OFF_HOURS
2026-06-17 11:58:22,GOLD,4344.7,WATCH_SELL,NEUTRAL,0,False,4344.7,4376.5,4349.1,0.14,NEUTRAL,COMPRESSION,STRONG_BEARISH,-76,BEARISH,-16,4356.39990234375,4369.7998046875,4349.10009765625,4354.0,4447.39990234375,4509.89990234375,4100.0,4200.0,V_TOP,83,4376.5,NONE,0.5,0,DOUBLE_TOP,4376.5,4352.6,100,False,0,NONE,NONE,0,NONE,0,0,4235.0,4246.8,4231.6,4247.0,,,,,,,,,"1H structure: NEUTRAL (COMPRESSION) | 1H momentum: STRONG_BEARISH (-76) | V-Reversal: V_TOP at $4376.50 (83%) | DOUBLE_TOP at $4,376.50 | Neckline: $4,352.60 (100%) | Bearish Breaker Block $4,235.00-$4,246.80 (broke at $4,231.60) | Bullish Breaker Block $4,231.60-$4,247.00 (broke at $4,247.90) | Daily supply: $4447.40-$4509.90 | Daily demand: $4100.00-$4200.00",Wait for price to reach supply $4356.40-$4369.80 ($12 away) | Wait for buy-side liquidity sweep | Wait for bearish confirmation candle | Wait for bearish BOS/CHOCH on 5m,OFF_HOURS
2026-06-17 11:58:38,BTC,64007.23,WATCH_BUY,BULLISH,25,False,64007.23,63940.36,64905.35,13.43,BULLISH,HH_HL,BULLISH,27,STRONG_BULLISH,49,64066.78125,64905.3515625,63962.6484375,64007.23046875,73370.8515625,74020.7578125,59108.91796875,63807.69140625,NONE,0,0,ASCENDING,1,30.0,DOUBLE_BOTTOM,60898.89,62133.46,37,False,0,NONE,NONE,0,NONE,0,0,64055.36,64067.58,63938.89,64067.58,,,,,,,,,"1H structure: BULLISH (HH_HL) | 1H momentum: BULLISH (27) | Channel: ASCENDING | Position: 100% | DOUBLE_BOTTOM at $60,898.89 | Neckline: $62,133.46 (37%) | Bearish Breaker Block $64,055.36-$64,067.58 (broke at $63,938.89) | Bullish Breaker Block $63,938.89-$64,067.58 (broke at $64,160.13) | Daily supply: $73370.85-$74020.76 | Daily demand: $59108.92-$63807.69 | Bullish confirmation candle: BULLISH_MARUBOZU",Price approaching demand $63962.65-$64007.23 ($1659 away) | Wait for sell-side liquidity sweep | Wait for bullish BOS/CHOCH on 5m,OFF_HOURS
2026-06-17 11:59:02,GOLD,4344.7,WATCH_SELL,NEUTRAL,0,False,4344.7,4376.5,4349.1,0.14,NEUTRAL,COMPRESSION,STRONG_BEARISH,-76,BEARISH,-16,4356.39990234375,4369.7998046875,4349.10009765625,4354.0,4447.39990234375,4509.89990234375,4100.0,4200.0,V_TOP,83,4376.5,NONE,0.5,0,DOUBLE_TOP,4376.5,4352.6,100,False,0,NONE,NONE,0,NONE,0,0,4235.0,4246.8,4231.6,4247.0,,,,,,,,,"1H structure: NEUTRAL (COMPRESSION) | 1H momentum: STRONG_BEARISH (-76) | V-Reversal: V_TOP at $4376.50 (83%) | DOUBLE_TOP at $4,376.50 | Neckline: $4,352.60 (100%) | Bearish Breaker Block $4,235.00-$4,246.80 (broke at $4,231.60) | Bullish Breaker Block $4,231.60-$4,247.00 (broke at $4,247.90) | Daily supply: $4447.40-$4509.90 | Daily demand: $4100.00-$4200.00",Wait for price to reach supply $4356.40-$4369.80 ($12 away) | Wait for buy-side liquidity sweep | Wait for bearish confirmation candle | Wait for bearish BOS/CHOCH on 5m,OFF_HOURS
2026-06-17 11:59:09,BTC,65666.18,WATCH_BUY,BULLISH,25,False,65666.18,63940.36,64905.35,0.44,BULLISH,HH_HL,BULLISH,27,STRONG_BULLISH,49,64066.78125,64905.3515625,63962.6484375,64007.23046875,73370.8515625,74020.7578125,59108.91796875,63807.69140625,NONE,0,0,ASCENDING,1,30.0,DOUBLE_BOTTOM,60898.89,62133.46,37,False,0,NONE,NONE,0,NONE,0,0,64055.36,64067.58,63938.89,64067.58,,,,,,,,,"1H structure: BULLISH (HH_HL) | 1H momentum: BULLISH (27) | Channel: ASCENDING | Position: 100% | DOUBLE_BOTTOM at $60,898.89 | Neckline: $62,133.46 (37%) | Bearish Breaker Block $64,055.36-$64,067.58 (broke at $63,938.89) | Bullish Breaker Block $63,938.89-$64,067.58 (broke at $64,160.13) | Daily supply: $73370.85-$74020.76 | Daily demand: $59108.92-$63807.69 | Bullish confirmation candle: BULLISH_MARUBOZU",Price approaching demand $63962.65-$64007.23 ($1659 away) | Wait for sell-side liquidity sweep | Wait for bullish BOS/CHOCH on 5m,OFF_HOURS
2026-06-17 11:59:10,GOLD,4356.4,WATCH_SELL,NEUTRAL,25,False,4356.4,4376.5,4349.1,0.36,NEUTRAL,COMPRESSION,STRONG_BEARISH,-77,BEARISH,-17,4356.39990234375,4369.7998046875,4349.10009765625,4354.0,4447.39990234375,4509.89990234375,4100.0,4200.0,V_TOP,84,4376.5,NONE,0.5,0,DOUBLE_TOP,4376.5,4352.6,100,False,0,NONE,NONE,0,NONE,0,0,4235.0,4246.8,4231.6,4247.0,,,,,,,,,"1H structure: NEUTRAL (COMPRESSION) | 1H momentum: STRONG_BEARISH (-77) | V-Reversal: V_TOP at $4376.50 (84%) | DOUBLE_TOP at $4,376.50 | Neckline: $4,352.60 (100%) | Bearish Breaker Block $4,235.00-$4,246.80 (broke at $4,231.60) | Bullish Breaker Block $4,231.60-$4,247.00 (broke at $4,247.90) | Daily supply: $4447.40-$4509.90 | Daily demand: $4100.00-$4200.00 | Bearish confirmation candle: BEARISH_MARUBOZU",Wait for price to reach supply $4356.40-$4369.80 ($13 away) | Wait for buy-side liquidity sweep | Wait for bearish BOS/CHOCH on 5m,OFF_HOURS
2026-06-17 11:59:26,GOLD,4343.3,WATCH_SELL,NEUTRAL,25,False,4343.3,4376.5,4349.1,0.17,NEUTRAL,COMPRESSION,STRONG_BEARISH,-77,BEARISH,-17,4356.39990234375,4369.7998046875,4349.10009765625,4354.0,4447.39990234375,4509.89990234375,4100.0,4200.0,V_TOP,84,4376.5,NONE,0.5,0,DOUBLE_TOP,4376.5,4352.6,100,False,0,NONE,NONE,0,NONE,0,0,4235.0,4246.8,4231.6,4247.0,,,,,,,,,"1H structure: NEUTRAL (COMPRESSION) | 1H momentum: STRONG_BEARISH (-77) | V-Reversal: V_TOP at $4376.50 (84%) | DOUBLE_TOP at $4,376.50 | Neckline: $4,352.60 (100%) | Bearish Breaker Block $4,235.00-$4,246.80 (broke at $4,231.60) | Bullish Breaker Block $4,231.60-$4,247.00 (broke at $4,247.90) | Daily supply: $4447.40-$4509.90 | Daily demand: $4100.00-$4200.00 | Bearish confirmation candle: BEARISH_MARUBOZU",Wait for price to reach supply $4356.40-$4369.80 ($13 away) | Wait for buy-side liquidity sweep | Wait for bearish BOS/CHOCH on 5m,OFF_HOURS
2026-06-17 11:59:28,BTC,65666.18,WATCH_BUY,BULLISH,25,False,65666.18,63940.36,64905.35,0.44,BULLISH,HH_HL,BULLISH,27,STRONG_BULLISH,49,64066.78125,64905.3515625,63962.6484375,64007.23046875,73370.8515625,74020.7578125,59108.91796875,63807.69140625,NONE,0,0,ASCENDING,1,30.0,DOUBLE_BOTTOM,60898.89,62133.46,37,False,0,NONE,NONE,0,NONE,0,0,64055.36,64067.58,63938.89,64067.58,,,,,,,,,"1H structure: BULLISH (HH_HL) | 1H momentum: BULLISH (27) | Channel: ASCENDING | Position: 100% | DOUBLE_BOTTOM at $60,898.89 | Neckline: $62,133.46 (37%) | Bearish Breaker Block $64,055.36-$64,067.58 (broke at $63,938.89) | Bullish Breaker Block $63,938.89-$64,067.58 (broke at $64,160.13) | Daily supply: $73370.85-$74020.76 | Daily demand: $59108.92-$63807.69 | Bullish confirmation candle: BULLISH_MARUBOZU",Price approaching demand $63962.65-$64007.23 ($1659 away) | Wait for sell-side liquidity sweep | Wait for bullish BOS/CHOCH on 5m,OFF_HOURS
2026-06-17 11:59:45,BTC,64007.23,WATCH_BUY,BULLISH,25,False,64007.23,63940.36,64905.35,13.43,BULLISH,HH_HL,BULLISH,27,STRONG_BULLISH,49,64066.78125,64905.3515625,63962.6484375,64007.23046875,73370.8515625,74020.7578125,59108.91796875,63807.69140625,NONE,0,0,ASCENDING,1,30.0,DOUBLE_BOTTOM,60898.89,62133.46,37,False,0,NONE,NONE,0,NONE,0,0,64055.36,64067.58,63938.89,64067.58,,,,,,,,,"1H structure: BULLISH (HH_HL) | 1H momentum: BULLISH (27) | Channel: ASCENDING | Position: 100% | DOUBLE_BOTTOM at $60,898.89 | Neckline: $62,133.46 (37%) | Bearish Breaker Block $64,055.36-$64,067.58 (broke at $63,938.89) | Bullish Breaker Block $63,938.89-$64,067.58 (broke at $64,160.13) | Daily supply: $73370.85-$74020.76 | Daily demand: $59108.92-$63807.69 | Bullish confirmation candle: BULLISH_MARUBOZU",Price approaching demand $63962.65-$64007.23 ($1659 away) | Wait for sell-side liquidity sweep | Wait for bullish BOS/CHOCH on 5m,OFF_HOURS
2026-06-17 12:00:06,GOLD,4343.3,WATCH_SELL,NEUTRAL,25,False,4343.3,4376.5,4349.1,0.17,NEUTRAL,COMPRESSION,STRONG_BEARISH,-76,BEARISH,-17,4356.39990234375,4369.7998046875,4349.10009765625,4354.0,4447.39990234375,4509.89990234375,4100.0,4200.0,V_TOP,83,4376.5,NONE,0.5,0,DOUBLE_TOP,4376.5,4352.6,100,False,0,NONE,NONE,0,NONE,0,0,4235.0,4246.8,4231.6,4247.0,,,,,,,,,"1H structure: NEUTRAL (COMPRESSION) | 1H momentum: STRONG_BEARISH (-76) | V-Reversal: V_TOP at $4376.50 (83%) | DOUBLE_TOP at $4,376.50 | Neckline: $4,352.60 (100%) | Bearish Breaker Block $4,235.00-$4,246.80 (broke at $4,231.60) | Bullish Breaker Block $4,231.60-$4,247.00 (broke at $4,247.90) | Daily supply: $4447.40-$4509.90 | Daily demand: $4100.00-$4200.00 | Bearish confirmation candle: BEARISH_MARUBOZU",Wait for price to reach supply $4356.40-$4369.80 ($13 away) | Wait for buy-side liquidity sweep | Wait for bearish BOS/CHOCH on 5m,OFF_HOURS
2026-06-17 12:00:13,GOLD,4356.4,WATCH_SELL,NEUTRAL,25,False,4356.4,4376.5,4349.1,0.36,NEUTRAL,COMPRESSION,STRONG_BEARISH,-76,BEARISH,-17,4356.39990234375,4369.7998046875,4349.10009765625,4354.0,4447.39990234375,4509.89990234375,4100.0,4200.0,V_TOP,83,4376.5,NONE,0.5,0,DOUBLE_TOP,4376.5,4352.6,100,False,0,NONE,NONE,0,NONE,0,0,4235.0,4246.8,4231.6,4247.0,,,,,,,,,"1H structure: NEUTRAL (COMPRESSION) | 1H momentum: STRONG_BEARISH (-76) | V-Reversal: V_TOP at $4376.50 (83%) | DOUBLE_TOP at $4,376.50 | Neckline: $4,352.60 (100%) | Bearish Breaker Block $4,235.00-$4,246.80 (broke at $4,231.60) | Bullish Breaker Block $4,231.60-$4,247.00 (broke at $4,247.90) | Daily supply: $4447.40-$4509.90 | Daily demand: $4100.00-$4200.00 | Bearish confirmation candle: BEARISH_MARUBOZU",Wait for price to reach supply $4356.40-$4369.80 ($13 away) | Wait for buy-side liquidity sweep | Wait for bearish BOS/CHOCH on 5m,OFF_HOURS
2026-06-17 12:00:17,BTC,65666.18,WATCH_BUY,BULLISH,25,False,65666.18,63940.36,64905.35,0.44,BULLISH,HH_HL,BULLISH,27,STRONG_BULLISH,49,64066.78125,64905.3515625,63962.6484375,64007.23046875,73370.8515625,74020.7578125,59108.91796875,63807.69140625,NONE,0,0,ASCENDING,1,30.0,DOUBLE_BOTTOM,60898.89,62133.46,37,False,0,NONE,NONE,0,NONE,0,0,64055.36,64067.58,63938.89,64067.58,,,,,,,,,"1H structure: BULLISH (HH_HL) | 1H momentum: BULLISH (27) | Channel: ASCENDING | Position: 100% | DOUBLE_BOTTOM at $60,898.89 | Neckline: $62,133.46 (37%) | Bearish Breaker Block $64,055.36-$64,067.58 (broke at $63,938.89) | Bullish Breaker Block $63,938.89-$64,067.58 (broke at $64,160.13) | Daily supply: $73370.85-$74020.76 | Daily demand: $59108.92-$63807.69 | Bullish confirmation candle: BULLISH_MARUBOZU",Price approaching demand $63962.65-$64007.23 ($1659 away) | Wait for sell-side liquidity sweep | Wait for bullish BOS/CHOCH on 5m,OFF_HOURS
2026-06-17 12:00:29,GOLD,4343.3,WATCH_SELL,NEUTRAL,25,False,4343.3,4376.5,4349.1,0.17,NEUTRAL,COMPRESSION,STRONG_BEARISH,-76,BEARISH,-17,4356.39990234375,4369.7998046875,4349.10009765625,4354.0,4447.39990234375,4509.89990234375,4100.0,4200.0,V_TOP,83,4376.5,NONE,0.5,0,DOUBLE_TOP,4376.5,4352.6,100,False,0,NONE,NONE,0,NONE,0,0,4235.0,4246.8,4231.6,4247.0,,,,,,,,,"1H structure: NEUTRAL (COMPRESSION) | 1H momentum: STRONG_BEARISH (-76) | V-Reversal: V_TOP at $4376.50 (83%) | DOUBLE_TOP at $4,376.50 | Neckline: $4,352.60 (100%) | Bearish Breaker Block $4,235.00-$4,246.80 (broke at $4,231.60) | Bullish Breaker Block $4,231.60-$4,247.00 (broke at $4,247.90) | Daily supply: $4447.40-$4509.90 | Daily demand: $4100.00-$4200.00 | Bearish confirmation candle: BEARISH_MARUBOZU",Wait for price to reach supply $4356.40-$4369.80 ($13 away) | Wait for buy-side liquidity sweep | Wait for bearish BOS/CHOCH on 5m,OFF_HOURS
2026-06-17 12:00:36,BTC,65666.18,WATCH_BUY,BULLISH,25,False,65666.18,63940.36,64905.35,0.44,BULLISH,HH_HL,BULLISH,27,STRONG_BULLISH,49,64066.78125,64905.3515625,63962.6484375,64007.23046875,73370.8515625,74020.7578125,59108.91796875,63807.69140625,NONE,0,0,ASCENDING,1,30.0,DOUBLE_BOTTOM,60898.89,62133.46,37,False,0,NONE,NONE,0,NONE,0,0,64055.36,64067.58,63938.89,64067.58,,,,,,,,,"1H structure: BULLISH (HH_HL) | 1H momentum: BULLISH (27) | Channel: ASCENDING | Position: 100% | DOUBLE_BOTTOM at $60,898.89 | Neckline: $62,133.46 (37%) | Bearish Breaker Block $64,055.36-$64,067.58 (broke at $63,938.89) | Bullish Breaker Block $63,938.89-$64,067.58 (broke at $64,160.13) | Daily supply: $73370.85-$74020.76 | Daily demand: $59108.92-$63807.69 | Bullish confirmation candle: BULLISH_MARUBOZU",Price approaching demand $63962.65-$64007.23 ($1659 away) | Wait for sell-side liquidity sweep | Wait for bullish BOS/CHOCH on 5m,OFF_HOURS
2026-06-17 12:00:52,BTC,64007.23,WATCH_BUY,BULLISH,25,False,64007.23,63940.36,64905.35,13.43,BULLISH,HH_HL,BULLISH,27,STRONG_BULLISH,49,64066.78125,64905.3515625,63962.6484375,64007.23046875,73370.8515625,74020.7578125,59108.91796875,63807.69140625,NONE,0,0,ASCENDING,1,30.0,DOUBLE_BOTTOM,60898.89,62133.46,37,False,0,NONE,NONE,0,NONE,0,0,64055.36,64067.58,63938.89,64067.58,,,,,,,,,"1H structure: BULLISH (HH_HL) | 1H momentum: BULLISH (27) | Channel: ASCENDING | Position: 100% | DOUBLE_BOTTOM at $60,898.89 | Neckline: $62,133.46 (37%) | Bearish Breaker Block $64,055.36-$64,067.58 (broke at $63,938.89) | Bullish Breaker Block $63,938.89-$64,067.58 (broke at $64,160.13) | Daily supply: $73370.85-$74020.76 | Daily demand: $59108.92-$63807.69 | Bullish confirmation candle: BULLISH_MARUBOZU",Price approaching demand $63962.65-$64007.23 ($1659 away) | Wait for sell-side liquidity sweep | Wait for bullish BOS/CHOCH on 5m,OFF_HOURS
2026-06-17 12:01:09,GOLD,4343.3,WATCH_SELL,NEUTRAL,25,False,4343.3,4376.5,4349.1,0.17,NEUTRAL,COMPRESSION,STRONG_BEARISH,-78,BEARISH,-17,4356.39990234375,4369.7998046875,4349.10009765625,4354.0,4447.39990234375,4509.89990234375,4100.0,4200.0,V_TOP,86,4376.5,NONE,0.5,0,DOUBLE_TOP,4376.5,4352.6,100,False,0,NONE,NONE,0,NONE,0,0,4235.0,4246.8,4231.6,4247.0,,,,,,,,,"1H structure: NEUTRAL (COMPRESSION) | 1H momentum: STRONG_BEARISH (-78) | V-Reversal: V_TOP at $4376.50 (86%) | DOUBLE_TOP at $4,376.50 | Neckline: $4,352.60 (100%) | Bearish Breaker Block $4,235.00-$4,246.80 (broke at $4,231.60) | Bullish Breaker Block $4,231.60-$4,247.00 (broke at $4,247.90) | Daily supply: $4447.40-$4509.90 | Daily demand: $4100.00-$4200.00 | Bearish confirmation candle: BEARISH_MARUBOZU",Wait for price to reach supply $4356.40-$4369.80 ($13 away) | Wait for buy-side liquidity sweep | Wait for bearish BOS/CHOCH on 5m,OFF_HOURS
2026-06-17 12:01:17,GOLD,4356.4,WATCH_SELL,NEUTRAL,0,False,4356.4,4376.5,4349.1,0.36,NEUTRAL,COMPRESSION,STRONG_BEARISH,-78,BEARISH,-35,4356.39990234375,4369.7998046875,4349.10009765625,4354.0,4447.39990234375,4509.89990234375,4100.0,4200.0,V_TOP,86,4376.5,NONE,0.5,0,DOUBLE_TOP,4376.5,4352.6,100,False,0,NONE,NONE,0,NONE,0,0,4235.0,4246.8,4231.6,4247.0,,,,,,,,,"1H structure: NEUTRAL (COMPRESSION) | 1H momentum: STRONG_BEARISH (-78) | V-Reversal: V_TOP at $4376.50 (86%) | DOUBLE_TOP at $4,376.50 | Neckline: $4,352.60 (100%) | Bearish Breaker Block $4,235.00-$4,246.80 (broke at $4,231.60) | Bullish Breaker Block $4,231.60-$4,247.00 (broke at $4,247.90) | Daily supply: $4447.40-$4509.90 | Daily demand: $4100.00-$4200.00",Wait for price to reach supply $4356.40-$4369.80 ($14 away) | Wait for buy-side liquidity sweep | Wait for bearish confirmation candle | Wait for bearish BOS/CHOCH on 5m,OFF_HOURS
2026-06-17 12:01:24,BTC,65666.18,WATCH_BUY,BULLISH,25,False,65666.18,63940.36,64905.35,0.44,BULLISH,HH_HL,BULLISH,27,STRONG_BULLISH,49,64066.78125,64905.3515625,63962.6484375,64007.23046875,73370.8515625,74020.7578125,59108.91796875,63807.69140625,NONE,0,0,ASCENDING,1,30.0,DOUBLE_BOTTOM,60898.89,62133.46,37,False,0,NONE,NONE,0,NONE,0,0,64055.36,64067.58,63938.89,64067.58,,,,,,,,,"1H structure: BULLISH (HH_HL) | 1H momentum: BULLISH (27) | Channel: ASCENDING | Position: 100% | DOUBLE_BOTTOM at $60,898.89 | Neckline: $62,133.46 (37%) | Bearish Breaker Block $64,055.36-$64,067.58 (broke at $63,938.89) | Bullish Breaker Block $63,938.89-$64,067.58 (broke at $64,160.13) | Daily supply: $73370.85-$74020.76 | Daily demand: $59108.92-$63807.69 | Bullish confirmation candle: BULLISH_MARUBOZU",Price approaching demand $63962.65-$64007.23 ($1659 away) | Wait for sell-side liquidity sweep | Wait for bullish BOS/CHOCH on 5m,OFF_HOURS
2026-06-17 12:01:32,GOLD,4342.3,WATCH_SELL,NEUTRAL,0,False,4342.3,4376.5,4349.1,0.2,NEUTRAL,COMPRESSION,STRONG_BEARISH,-78,BEARISH,-35,4356.39990234375,4369.7998046875,4349.10009765625,4354.0,4447.39990234375,4509.89990234375,4100.0,4200.0,V_TOP,86,4376.5,NONE,0.5,0,DOUBLE_TOP,4376.5,4352.6,100,False,0,NONE,NONE,0,NONE,0,0,4235.0,4246.8,4231.6,4247.0,,,,,,,,,"1H structure: NEUTRAL (COMPRESSION) | 1H momentum: STRONG_BEARISH (-78) | V-Reversal: V_TOP at $4376.50 (86%) | DOUBLE_TOP at $4,376.50 | Neckline: $4,352.60 (100%) | Bearish Breaker Block $4,235.00-$4,246.80 (broke at $4,231.60) | Bullish Breaker Block $4,231.60-$4,247.00 (broke at $4,247.90) | Daily supply: $4447.40-$4509.90 | Daily demand: $4100.00-$4200.00",Wait for price to reach supply $4356.40-$4369.80 ($14 away) | Wait for buy-side liquidity sweep | Wait for bearish confirmation candle | Wait for bearish BOS/CHOCH on 5m,OFF_HOURS
2026-06-17 12:01:44,BTC,65666.18,WATCH_BUY,BULLISH,25,False,65666.18,63940.36,64905.35,0.44,BULLISH,HH_HL,BULLISH,27,STRONG_BULLISH,49,64066.78125,64905.3515625,63962.6484375,64007.23046875,73370.8515625,74020.7578125,59108.91796875,63807.69140625,NONE,0,0,ASCENDING,1,30.0,DOUBLE_BOTTOM,60898.89,62133.46,37,False,0,NONE,NONE,0,NONE,0,0,64055.36,64067.58,63938.89,64067.58,,,,,,,,,"1H structure: BULLISH (HH_HL) | 1H momentum: BULLISH (27) | Channel: ASCENDING | Position: 100% | DOUBLE_BOTTOM at $60,898.89 | Neckline: $62,133.46 (37%) | Bearish Breaker Block $64,055.36-$64,067.58 (broke at $63,938.89) | Bullish Breaker Block $63,938.89-$64,067.58 (broke at $64,160.13) | Daily supply: $73370.85-$74020.76 | Daily demand: $59108.92-$63807.69 | Bullish confirmation candle: BULLISH_MARUBOZU",Price approaching demand $63962.65-$64007.23 ($1659 away) | Wait for sell-side liquidity sweep | Wait for bullish BOS/CHOCH on 5m,OFF_HOURS
2026-06-17 12:02:00,BTC,64007.23,WATCH_BUY,BULLISH,25,False,64007.23,63940.36,64905.35,13.43,BULLISH,HH_HL,BULLISH,27,STRONG_BULLISH,49,64066.78125,64905.3515625,63962.6484375,64007.23046875,73370.8515625,74020.7578125,59108.91796875,63807.69140625,NONE,0,0,ASCENDING,1,30.0,DOUBLE_BOTTOM,60898.89,62133.46,37,False,0,NONE,NONE,0,NONE,0,0,64055.36,64067.58,63938.89,64067.58,,,,,,,,,"1H structure: BULLISH (HH_HL) | 1H momentum: BULLISH (27) | Channel: ASCENDING | Position: 100% | DOUBLE_BOTTOM at $60,898.89 | Neckline: $62,133.46 (37%) | Bearish Breaker Block $64,055.36-$64,067.58 (broke at $63,938.89) | Bullish Breaker Block $63,938.89-$64,067.58 (broke at $64,160.13) | Daily supply: $73370.85-$74020.76 | Daily demand: $59108.92-$63807.69 | Bullish confirmation candle: BULLISH_MARUBOZU",Price approaching demand $63962.65-$64007.23 ($1659 away) | Wait for sell-side liquidity sweep | Wait for bullish BOS/CHOCH on 5m,OFF_HOURS
2026-06-17 12:02:13,GOLD,4343.2,WATCH_SELL,NEUTRAL,0,False,4343.2,4376.5,4349.1,0.18,NEUTRAL,COMPRESSION,STRONG_BEARISH,-76,BEARISH,-33,4356.39990234375,4369.7998046875,4349.10009765625,4354.0,4447.39990234375,4509.89990234375,4100.0,4200.0,V_TOP,85,4376.5,NONE,0.5,0,DOUBLE_TOP,4376.5,4352.6,100,False,0,NONE,NONE,0,NONE,0,0,4235.0,4246.8,4231.6,4247.0,,,,,,,,,"1H structure: NEUTRAL (COMPRESSION) | 1H momentum: STRONG_BEARISH (-76) | V-Reversal: V_TOP at $4376.50 (85%) | DOUBLE_TOP at $4,376.50 | Neckline: $4,352.60 (100%) | Bearish Breaker Block $4,235.00-$4,246.80 (broke at $4,231.60) | Bullish Breaker Block $4,231.60-$4,247.00 (broke at $4,247.90) | Daily supply: $4447.40-$4509.90 | Daily demand: $4100.00-$4200.00",Wait for price to reach supply $4356.40-$4369.80 ($13 away) | Wait for buy-side liquidity sweep | Wait for bearish confirmation candle | Wait for bearish BOS/CHOCH on 5m,OFF_HOURS
2026-06-17 12:02:21,GOLD,4356.4,WATCH_SELL,NEUTRAL,0,False,4356.4,4376.5,4349.1,0.36,NEUTRAL,COMPRESSION,STRONG_BEARISH,-76,BEARISH,-33,4356.39990234375,4369.7998046875,4349.10009765625,4354.0,4447.39990234375,4509.89990234375,4100.0,4200.0,V_TOP,85,4376.5,NONE,0.5,0,DOUBLE_TOP,4376.5,4352.6,100,False,0,NONE,NONE,0,NONE,0,0,4235.0,4246.8,4231.6,4247.0,,,,,,,,,"1H structure: NEUTRAL (COMPRESSION) | 1H momentum: STRONG_BEARISH (-76) | V-Reversal: V_TOP at $4376.50 (85%) | DOUBLE_TOP at $4,376.50 | Neckline: $4,352.60 (100%) | Bearish Breaker Block $4,235.00-$4,246.80 (broke at $4,231.60) | Bullish Breaker Block $4,231.60-$4,247.00 (broke at $4,247.90) | Daily supply: $4447.40-$4509.90 | Daily demand: $4100.00-$4200.00",Wait for price to reach supply $4356.40-$4369.80 ($13 away) | Wait for buy-side liquidity sweep | Wait for bearish confirmation candle | Wait for bearish BOS/CHOCH on 5m,OFF_HOURS
2026-06-17 12:02:32,BTC,65666.18,WATCH_BUY,BULLISH,25,False,65666.18,63940.36,64905.35,0.44,BULLISH,HH_HL,BULLISH,27,STRONG_BULLISH,49,64066.78125,64905.3515625,63962.6484375,64007.23046875,73370.8515625,74020.7578125,59108.91796875,63807.69140625,NONE,0,0,ASCENDING,1,30.0,DOUBLE_BOTTOM,60898.89,62133.46,37,False,0,NONE,NONE,0,NONE,0,0,64055.36,64067.58,63938.89,64067.58,,,,,,,,,"1H structure: BULLISH (HH_HL) | 1H momentum: BULLISH (27) | Channel: ASCENDING | Position: 100% | DOUBLE_BOTTOM at $60,898.89 | Neckline: $62,133.46 (37%) | Bearish Breaker Block $64,055.36-$64,067.58 (broke at $63,938.89) | Bullish Breaker Block $63,938.89-$64,067.58 (broke at $64,160.13) | Daily supply: $73370.85-$74020.76 | Daily demand: $59108.92-$63807.69 | Bullish confirmation candle: BULLISH_MARUBOZU",Price approaching demand $63962.65-$64007.23 ($1659 away) | Wait for sell-side liquidity sweep | Wait for bullish BOS/CHOCH on 5m,OFF_HOURS
2026-06-17 12:02:35,GOLD,4343.2,WATCH_SELL,NEUTRAL,0,False,4343.2,4376.5,4349.1,0.18,NEUTRAL,COMPRESSION,STRONG_BEARISH,-76,BEARISH,-33,4356.39990234375,4369.7998046875,4349.10009765625,4354.0,4447.39990234375,4509.89990234375,4100.0,4200.0,V_TOP,85,4376.5,NONE,0.5,0,DOUBLE_TOP,4376.5,4352.6,100,False,0,NONE,NONE,0,NONE,0,0,4235.0,4246.8,4231.6,4247.0,,,,,,,,,"1H structure: NEUTRAL (COMPRESSION) | 1H momentum: STRONG_BEARISH (-76) | V-Reversal: V_TOP at $4376.50 (85%) | DOUBLE_TOP at $4,376.50 | Neckline: $4,352.60 (100%) | Bearish Breaker Block $4,235.00-$4,246.80 (broke at $4,231.60) | Bullish Breaker Block $4,231.60-$4,247.00 (broke at $4,247.90) | Daily supply: $4447.40-$4509.90 | Daily demand: $4100.00-$4200.00",Wait for price to reach supply $4356.40-$4369.80 ($13 away) | Wait for buy-side liquidity sweep | Wait for bearish confirmation candle | Wait for bearish BOS/CHOCH on 5m,OFF_HOURS
2026-06-17 12:02:53,BTC,65666.18,WATCH_BUY,BULLISH,25,False,65666.18,63940.36,64905.35,0.44,BULLISH,HH_HL,BULLISH,27,STRONG_BULLISH,49,64066.78125,64905.3515625,63962.6484375,64007.23046875,73370.8515625,74020.7578125,59108.91796875,63807.69140625,NONE,0,0,ASCENDING,1,30.0,DOUBLE_BOTTOM,60898.89,62133.46,37,False,0,NONE,NONE,0,NONE,0,0,64055.36,64067.58,63938.89,64067.58,,,,,,,,,"1H structure: BULLISH (HH_HL) | 1H momentum: BULLISH (27) | Channel: ASCENDING | Position: 100% | DOUBLE_BOTTOM at $60,898.89 | Neckline: $62,133.46 (37%) | Bearish Breaker Block $64,055.36-$64,067.58 (broke at $63,938.89) | Bullish Breaker Block $63,938.89-$64,067.58 (broke at $64,160.13) | Daily supply: $73370.85-$74020.76 | Daily demand: $59108.92-$63807.69 | Bullish confirmation candle: BULLISH_MARUBOZU",Price approaching demand $63962.65-$64007.23 ($1659 away) | Wait for sell-side liquidity sweep | Wait for bullish BOS/CHOCH on 5m,OFF_HOURS
2026-06-17 12:03:08,BTC,64007.23,WATCH_BUY,BULLISH,25,False,64007.23,63940.36,64905.35,13.43,BULLISH,HH_HL,BULLISH,27,STRONG_BULLISH,49,64066.78125,64905.3515625,63962.6484375,64007.23046875,73370.8515625,74020.7578125,59108.91796875,63807.69140625,NONE,0,0,ASCENDING,1,30.0,DOUBLE_BOTTOM,60898.89,62133.46,37,False,0,NONE,NONE,0,NONE,0,0,64055.36,64067.58,63938.89,64067.58,,,,,,,,,"1H structure: BULLISH (HH_HL) | 1H momentum: BULLISH (27) | Channel: ASCENDING | Position: 100% | DOUBLE_BOTTOM at $60,898.89 | Neckline: $62,133.46 (37%) | Bearish Breaker Block $64,055.36-$64,067.58 (broke at $63,938.89) | Bullish Breaker Block $63,938.89-$64,067.58 (broke at $64,160.13) | Daily supply: $73370.85-$74020.76 | Daily demand: $59108.92-$63807.69 | Bullish confirmation candle: BULLISH_MARUBOZU",Price approaching demand $63962.65-$64007.23 ($1659 away) | Wait for sell-side liquidity sweep | Wait for bullish BOS/CHOCH on 5m,OFF_HOURS
2026-06-17 12:03:17,GOLD,4342.3,WATCH_SELL,NEUTRAL,0,False,4342.3,4376.5,4349.1,0.2,NEUTRAL,COMPRESSION,STRONG_BEARISH,-77,BEARISH,-35,4356.39990234375,4369.7998046875,4349.10009765625,4354.0,4447.39990234375,4509.89990234375,4100.0,4200.0,V_TOP,86,4376.5,NONE,0.5,0,DOUBLE_TOP,4376.5,4352.6,100,False,0,NONE,NONE,0,NONE,0,0,4235.0,4246.8,4231.6,4247.0,,,,,,,,,"1H structure: NEUTRAL (COMPRESSION) | 1H momentum: STRONG_BEARISH (-77) | V-Reversal: V_TOP at $4376.50 (86%) | DOUBLE_TOP at $4,376.50 | Neckline: $4,352.60 (100%) | Bearish Breaker Block $4,235.00-$4,246.80 (broke at $4,231.60) | Bullish Breaker Block $4,231.60-$4,247.00 (broke at $4,247.90) | Daily supply: $4447.40-$4509.90 | Daily demand: $4100.00-$4200.00",Wait for price to reach supply $4356.40-$4369.80 ($14 away) | Wait for buy-side liquidity sweep | Wait for bearish confirmation candle | Wait for bearish BOS/CHOCH on 5m,OFF_HOURS
2026-06-17 12:03:24,GOLD,4356.4,WATCH_SELL,NEUTRAL,0,False,4356.4,4376.5,4349.1,0.36,NEUTRAL,COMPRESSION,STRONG_BEARISH,-77,BEARISH,-35,4356.39990234375,4369.7998046875,4349.10009765625,4354.0,4447.39990234375,4509.89990234375,4100.0,4200.0,V_TOP,86,4376.5,NONE,0.5,0,DOUBLE_TOP,4376.5,4352.6,100,False,0,NONE,NONE,0,NONE,0,0,4235.0,4246.8,4231.6,4247.0,,,,,,,,,"1H structure: NEUTRAL (COMPRESSION) | 1H momentum: STRONG_BEARISH (-77) | V-Reversal: V_TOP at $4376.50 (86%) | DOUBLE_TOP at $4,376.50 | Neckline: $4,352.60 (100%) | Bearish Breaker Block $4,235.00-$4,246.80 (broke at $4,231.60) | Bullish Breaker Block $4,231.60-$4,247.00 (broke at $4,247.90) | Daily supply: $4447.40-$4509.90 | Daily demand: $4100.00-$4200.00",Wait for price to reach supply $4356.40-$4369.80 ($14 away) | Wait for buy-side liquidity sweep | Wait for bearish confirmation candle | Wait for bearish BOS/CHOCH on 5m,OFF_HOURS
2026-06-17 12:03:38,GOLD,4342.3,WATCH_SELL,NEUTRAL,0,False,4342.3,4376.5,4349.1,0.2,NEUTRAL,COMPRESSION,STRONG_BEARISH,-77,BEARISH,-35,4356.39990234375,4369.7998046875,4349.10009765625,4354.0,4447.39990234375,4509.89990234375,4100.0,4200.0,V_TOP,86,4376.5,NONE,0.5,0,DOUBLE_TOP,4376.5,4352.6,100,False,0,NONE,NONE,0,NONE,0,0,4235.0,4246.8,4231.6,4247.0,,,,,,,,,"1H structure: NEUTRAL (COMPRESSION) | 1H momentum: STRONG_BEARISH (-77) | V-Reversal: V_TOP at $4376.50 (86%) | DOUBLE_TOP at $4,376.50 | Neckline: $4,352.60 (100%) | Bearish Breaker Block $4,235.00-$4,246.80 (broke at $4,231.60) | Bullish Breaker Block $4,231.60-$4,247.00 (broke at $4,247.90) | Daily supply: $4447.40-$4509.90 | Daily demand: $4100.00-$4200.00",Wait for price to reach supply $4356.40-$4369.80 ($14 away) | Wait for buy-side liquidity sweep | Wait for bearish confirmation candle | Wait for bearish BOS/CHOCH on 5m,OFF_HOURS
2026-06-17 12:03:39,BTC,65666.18,WATCH_BUY,BULLISH,25,False,65666.18,63940.36,64905.35,0.44,BULLISH,HH_HL,BULLISH,27,STRONG_BULLISH,49,64066.78125,64905.3515625,63962.6484375,64007.23046875,73370.8515625,74020.7578125,59108.91796875,63807.69140625,NONE,0,0,ASCENDING,1,30.0,DOUBLE_BOTTOM,60898.89,62133.46,37,False,0,NONE,NONE,0,NONE,0,0,64055.36,64067.58,63938.89,64067.58,,,,,,,,,"1H structure: BULLISH (HH_HL) | 1H momentum: BULLISH (27) | Channel: ASCENDING | Position: 100% | DOUBLE_BOTTOM at $60,898.89 | Neckline: $62,133.46 (37%) | Bearish Breaker Block $64,055.36-$64,067.58 (broke at $63,938.89) | Bullish Breaker Block $63,938.89-$64,067.58 (broke at $64,160.13) | Daily supply: $73370.85-$74020.76 | Daily demand: $59108.92-$63807.69 | Bullish confirmation candle: BULLISH_MARUBOZU",Price approaching demand $63962.65-$64007.23 ($1659 away) | Wait for sell-side liquidity sweep | Wait for bullish BOS/CHOCH on 5m,OFF_HOURS
2026-06-17 12:04:02,BTC,65666.18,WATCH_BUY,BULLISH,25,False,65666.18,63940.36,64905.35,0.44,BULLISH,HH_HL,BULLISH,27,STRONG_BULLISH,49,64066.78125,64905.3515625,63962.6484375,64007.23046875,73370.8515625,74020.7578125,59108.91796875,63807.69140625,NONE,0,0,ASCENDING,1,30.0,DOUBLE_BOTTOM,60898.89,62133.46,37,False,0,NONE,NONE,0,NONE,0,0,64055.36,64067.58,63938.89,64067.58,,,,,,,,,"1H structure: BULLISH (HH_HL) | 1H momentum: BULLISH (27) | Channel: ASCENDING | Position: 100% | DOUBLE_BOTTOM at $60,898.89 | Neckline: $62,133.46 (37%) | Bearish Breaker Block $64,055.36-$64,067.58 (broke at $63,938.89) | Bullish Breaker Block $63,938.89-$64,067.58 (broke at $64,160.13) | Daily supply: $73370.85-$74020.76 | Daily demand: $59108.92-$63807.69 | Bullish confirmation candle: BULLISH_MARUBOZU",Price approaching demand $63962.65-$64007.23 ($1659 away) | Wait for sell-side liquidity sweep | Wait for bullish BOS/CHOCH on 5m,OFF_HOURS
2026-06-17 12:04:15,BTC,64007.23,WATCH_BUY,BULLISH,25,False,64007.23,63940.36,64905.35,13.43,BULLISH,HH_HL,BULLISH,27,STRONG_BULLISH,49,64066.78125,64905.3515625,63962.6484375,64007.23046875,73370.8515625,74020.7578125,59108.91796875,63807.69140625,NONE,0,0,ASCENDING,1,30.0,DOUBLE_BOTTOM,60898.89,62133.46,37,False,0,NONE,NONE,0,NONE,0,0,64055.36,64067.58,63938.89,64067.58,,,,,,,,,"1H structure: BULLISH (HH_HL) | 1H momentum: BULLISH (27) | Channel: ASCENDING | Position: 100% | DOUBLE_BOTTOM at $60,898.89 | Neckline: $62,133.46 (37%) | Bearish Breaker Block $64,055.36-$64,067.58 (broke at $63,938.89) | Bullish Breaker Block $63,938.89-$64,067.58 (broke at $64,160.13) | Daily supply: $73370.85-$74020.76 | Daily demand: $59108.92-$63807.69 | Bullish confirmation candle: BULLISH_MARUBOZU",Price approaching demand $63962.65-$64007.23 ($1659 away) | Wait for sell-side liquidity sweep | Wait for bullish BOS/CHOCH on 5m,OFF_HOURS
2026-06-17 12:04:20,GOLD,4343.6,WATCH_SELL,NEUTRAL,0,False,4343.6,4376.5,4349.1,0.17,NEUTRAL,COMPRESSION,STRONG_BEARISH,-76,BEARISH,-33,4356.39990234375,4369.7998046875,4349.10009765625,4354.0,4447.39990234375,4509.89990234375,4100.0,4200.0,V_TOP,84,4376.5,NONE,0.5,0,DOUBLE_TOP,4376.5,4352.6,100,False,0,NONE,NONE,0,NONE,0,0,4235.0,4246.8,4231.6,4247.0,,,,,,,,,"1H structure: NEUTRAL (COMPRESSION) | 1H momentum: STRONG_BEARISH (-76) | V-Reversal: V_TOP at $4376.50 (84%) | DOUBLE_TOP at $4,376.50 | Neckline: $4,352.60 (100%) | Bearish Breaker Block $4,235.00-$4,246.80 (broke at $4,231.60) | Bullish Breaker Block $4,231.60-$4,247.00 (broke at $4,247.90) | Daily supply: $4447.40-$4509.90 | Daily demand: $4100.00-$4200.00",Wait for price to reach supply $4356.40-$4369.80 ($13 away) | Wait for buy-side liquidity sweep | Wait for bearish confirmation candle | Wait for bearish BOS/CHOCH on 5m,OFF_HOURS
2026-06-17 12:04:28,GOLD,4356.4,WATCH_SELL,NEUTRAL,0,False,4356.4,4376.5,4349.1,0.36,NEUTRAL,COMPRESSION,STRONG_BEARISH,-76,BEARISH,-33,4356.39990234375,4369.7998046875,4349.10009765625,4354.0,4447.39990234375,4509.89990234375,4100.0,4200.0,V_TOP,84,4376.5,NONE,0.5,0,DOUBLE_TOP,4376.5,4352.6,100,False,0,NONE,NONE,0,NONE,0,0,4235.0,4246.8,4231.6,4247.0,,,,,,,,,"1H structure: NEUTRAL (COMPRESSION) | 1H momentum: STRONG_BEARISH (-76) | V-Reversal: V_TOP at $4376.50 (84%) | DOUBLE_TOP at $4,376.50 | Neckline: $4,352.60 (100%) | Bearish Breaker Block $4,235.00-$4,246.80 (broke at $4,231.60) | Bullish Breaker Block $4,231.60-$4,247.00 (broke at $4,247.90) | Daily supply: $4447.40-$4509.90 | Daily demand: $4100.00-$4200.00",Wait for price to reach supply $4356.40-$4369.80 ($13 away) | Wait for buy-side liquidity sweep | Wait for bearish confirmation candle | Wait for bearish BOS/CHOCH on 5m,OFF_HOURS
2026-06-17 12:04:42,GOLD,4343.6,WATCH_SELL,NEUTRAL,0,False,4343.6,4376.5,4349.1,0.17,NEUTRAL,COMPRESSION,STRONG_BEARISH,-76,BEARISH,-33,4356.39990234375,4369.7998046875,4349.10009765625,4354.0,4447.39990234375,4509.89990234375,4100.0,4200.0,V_TOP,84,4376.5,NONE,0.5,0,DOUBLE_TOP,4376.5,4352.6,100,False,0,NONE,NONE,0,NONE,0,0,4235.0,4246.8,4231.6,4247.0,,,,,,,,,"1H structure: NEUTRAL (COMPRESSION) | 1H momentum: STRONG_BEARISH (-76) | V-Reversal: V_TOP at $4376.50 (84%) | DOUBLE_TOP at $4,376.50 | Neckline: $4,352.60 (100%) | Bearish Breaker Block $4,235.00-$4,246.80 (broke at $4,231.60) | Bullish Breaker Block $4,231.60-$4,247.00 (broke at $4,247.90) | Daily supply: $4447.40-$4509.90 | Daily demand: $4100.00-$4200.00",Wait for price to reach supply $4356.40-$4369.80 ($13 away) | Wait for buy-side liquidity sweep | Wait for bearish confirmation candle | Wait for bearish BOS/CHOCH on 5m,OFF_HOURS
2026-06-17 12:04:47,BTC,65666.18,WATCH_BUY,BULLISH,25,False,65666.18,63940.36,64905.35,0.44,BULLISH,HH_HL,BULLISH,27,STRONG_BULLISH,49,64066.78125,64905.3515625,63962.6484375,64007.23046875,73370.8515625,74020.7578125,59108.91796875,63807.69140625,NONE,0,0,ASCENDING,1,30.0,DOUBLE_BOTTOM,60898.89,62133.46,37,False,0,NONE,NONE,0,NONE,0,0,64055.36,64067.58,63938.89,64067.58,,,,,,,,,"1H structure: BULLISH (HH_HL) | 1H momentum: BULLISH (27) | Channel: ASCENDING | Position: 100% | DOUBLE_BOTTOM at $60,898.89 | Neckline: $62,133.46 (37%) | Bearish Breaker Block $64,055.36-$64,067.58 (broke at $63,938.89) | Bullish Breaker Block $63,938.89-$64,067.58 (broke at $64,160.13) | Daily supply: $73370.85-$74020.76 | Daily demand: $59108.92-$63807.69 | Bullish confirmation candle: BULLISH_MARUBOZU",Price approaching demand $63962.65-$64007.23 ($1659 away) | Wait for sell-side liquidity sweep | Wait for bullish BOS/CHOCH on 5m,OFF_HOURS
2026-06-17 12:05:10,BTC,65666.18,WATCH_BUY,BULLISH,25,False,65666.18,63940.36,64905.35,0.44,BULLISH,HH_HL,BULLISH,27,STRONG_BULLISH,49,64066.78125,64905.3515625,63962.6484375,64007.23046875,73370.8515625,74020.7578125,59108.91796875,63807.69140625,NONE,0,0,ASCENDING,1,30.0,DOUBLE_BOTTOM,60898.89,62133.46,37,False,0,NONE,NONE,0,NONE,0,0,64055.36,64067.58,63938.89,64067.58,,,,,,,,,"1H structure: BULLISH (HH_HL) | 1H momentum: BULLISH (27) | Channel: ASCENDING | Position: 100% | DOUBLE_BOTTOM at $60,898.89 | Neckline: $62,133.46 (37%) | Bearish Breaker Block $64,055.36-$64,067.58 (broke at $63,938.89) | Bullish Breaker Block $63,938.89-$64,067.58 (broke at $64,160.13) | Daily supply: $73370.85-$74020.76 | Daily demand: $59108.92-$63807.69 | Bullish confirmation candle: BULLISH_MARUBOZU",Price approaching demand $63962.65-$64007.23 ($1659 away) | Wait for sell-side liquidity sweep | Wait for bullish BOS/CHOCH on 5m,OFF_HOURS
2026-06-17 12:05:23,BTC,64007.23,WATCH_BUY,BULLISH,25,False,64007.23,63940.36,64905.35,13.43,BULLISH,HH_HL,BULLISH,27,STRONG_BULLISH,49,64066.78125,64905.3515625,63962.6484375,64007.23046875,73370.8515625,74020.7578125,59108.91796875,63807.69140625,NONE,0,0,ASCENDING,1,30.0,DOUBLE_BOTTOM,60898.89,62133.46,37,False,0,NONE,NONE,0,NONE,0,0,64055.36,64067.58,63938.89,64067.58,,,,,,,,,"1H structure: BULLISH (HH_HL) | 1H momentum: BULLISH (27) | Channel: ASCENDING | Position: 100% | DOUBLE_BOTTOM at $60,898.89 | Neckline: $62,133.46 (37%) | Bearish Breaker Block $64,055.36-$64,067.58 (broke at $63,938.89) | Bullish Breaker Block $63,938.89-$64,067.58 (broke at $64,160.13) | Daily supply: $73370.85-$74020.76 | Daily demand: $59108.92-$63807.69 | Bullish confirmation candle: BULLISH_MARUBOZU",Price approaching demand $63962.65-$64007.23 ($1659 away) | Wait for sell-side liquidity sweep | Wait for bullish BOS/CHOCH on 5m,OFF_HOURS
2026-06-17 12:05:24,GOLD,4343.6,WATCH_SELL,NEUTRAL,0,False,4343.6,4376.5,4349.1,0.17,NEUTRAL,COMPRESSION,STRONG_BEARISH,-75,BEARISH,-33,4356.39990234375,4369.7998046875,4349.10009765625,4354.0,4447.39990234375,4509.89990234375,4100.0,4200.0,V_TOP,83,4376.5,NONE,0.5,0,DOUBLE_TOP,4376.5,4352.6,100,False,0,NONE,NONE,0,NONE,0,0,4235.0,4246.8,4231.6,4247.0,,,,,,,,,"1H structure: NEUTRAL (COMPRESSION) | 1H momentum: STRONG_BEARISH (-75) | V-Reversal: V_TOP at $4376.50 (83%) | DOUBLE_TOP at $4,376.50 | Neckline: $4,352.60 (100%) | Bearish Breaker Block $4,235.00-$4,246.80 (broke at $4,231.60) | Bullish Breaker Block $4,231.60-$4,247.00 (broke at $4,247.90) | Daily supply: $4447.40-$4509.90 | Daily demand: $4100.00-$4200.00",Wait for price to reach supply $4356.40-$4369.80 ($13 away) | Wait for buy-side liquidity sweep | Wait for bearish confirmation candle | Wait for bearish BOS/CHOCH on 5m,OFF_HOURS
2026-06-17 12:05:31,GOLD,4356.4,WATCH_SELL,NEUTRAL,0,False,4356.4,4376.5,4349.1,0.36,NEUTRAL,COMPRESSION,STRONG_BEARISH,-75,BEARISH,-33,4356.39990234375,4369.7998046875,4349.10009765625,4354.0,4447.39990234375,4509.89990234375,4100.0,4200.0,V_TOP,83,4376.5,NONE,0.5,0,DOUBLE_TOP,4376.5,4352.6,100,False,0,NONE,NONE,0,NONE,0,0,4235.0,4246.8,4231.6,4247.0,,,,,,,,,"1H structure: NEUTRAL (COMPRESSION) | 1H momentum: STRONG_BEARISH (-75) | V-Reversal: V_TOP at $4376.50 (83%) | DOUBLE_TOP at $4,376.50 | Neckline: $4,352.60 (100%) | Bearish Breaker Block $4,235.00-$4,246.80 (broke at $4,231.60) | Bullish Breaker Block $4,231.60-$4,247.00 (broke at $4,247.90) | Daily supply: $4447.40-$4509.90 | Daily demand: $4100.00-$4200.00",Wait for price to reach supply $4356.40-$4369.80 ($13 away) | Wait for buy-side liquidity sweep | Wait for bearish confirmation candle | Wait for bearish BOS/CHOCH on 5m,OFF_HOURS
2026-06-17 12:05:45,GOLD,4343.6,WATCH_SELL,NEUTRAL,0,False,4343.6,4376.5,4349.1,0.17,NEUTRAL,COMPRESSION,STRONG_BEARISH,-75,BEARISH,-33,4356.39990234375,4369.7998046875,4349.10009765625,4354.0,4447.39990234375,4509.89990234375,4100.0,4200.0,V_TOP,83,4376.5,NONE,0.5,0,DOUBLE_TOP,4376.5,4352.6,100,False,0,NONE,NONE,0,NONE,0,0,4235.0,4246.8,4231.6,4247.0,,,,,,,,,"1H structure: NEUTRAL (COMPRESSION) | 1H momentum: STRONG_BEARISH (-75) | V-Reversal: V_TOP at $4376.50 (83%) | DOUBLE_TOP at $4,376.50 | Neckline: $4,352.60 (100%) | Bearish Breaker Block $4,235.00-$4,246.80 (broke at $4,231.60) | Bullish Breaker Block $4,231.60-$4,247.00 (broke at $4,247.90) | Daily supply: $4447.40-$4509.90 | Daily demand: $4100.00-$4200.00",Wait for price to reach supply $4356.40-$4369.80 ($13 away) | Wait for buy-side liquidity sweep | Wait for bearish confirmation candle | Wait for bearish BOS/CHOCH on 5m,OFF_HOURS
2026-06-17 12:05:55,BTC,65666.18,WATCH_BUY,BULLISH,25,False,65666.18,63940.36,64905.35,0.44,BULLISH,HH_HL,BULLISH,27,STRONG_BULLISH,49,64066.78125,64905.3515625,63962.6484375,64007.23046875,73370.8515625,74020.7578125,59108.91796875,63807.69140625,NONE,0,0,ASCENDING,1,30.0,DOUBLE_BOTTOM,60898.89,62133.46,37,False,0,NONE,NONE,0,NONE,0,0,64055.36,64067.58,63938.89,64067.58,,,,,,,,,"1H structure: BULLISH (HH_HL) | 1H momentum: BULLISH (27) | Channel: ASCENDING | Position: 100% | DOUBLE_BOTTOM at $60,898.89 | Neckline: $62,133.46 (37%) | Bearish Breaker Block $64,055.36-$64,067.58 (broke at $63,938.89) | Bullish Breaker Block $63,938.89-$64,067.58 (broke at $64,160.13) | Daily supply: $73370.85-$74020.76 | Daily demand: $59108.92-$63807.69 | Bullish confirmation candle: BULLISH_MARUBOZU",Price approaching demand $63962.65-$64007.23 ($1659 away) | Wait for sell-side liquidity sweep | Wait for bullish BOS/CHOCH on 5m,OFF_HOURS
2026-06-17 12:06:18,BTC,65666.18,WATCH_BUY,BULLISH,25,False,65666.18,63940.36,64905.35,0.44,BULLISH,HH_HL,BULLISH,27,STRONG_BULLISH,49,64066.78125,64905.3515625,63962.6484375,64007.23046875,73370.8515625,74020.7578125,59108.91796875,63807.69140625,NONE,0,0,ASCENDING,1,30.0,DOUBLE_BOTTOM,60898.89,62133.46,37,False,0,NONE,NONE,0,NONE,0,0,64055.36,64067.58,63938.89,64067.58,,,,,,,,,"1H structure: BULLISH (HH_HL) | 1H momentum: BULLISH (27) | Channel: ASCENDING | Position: 100% | DOUBLE_BOTTOM at $60,898.89 | Neckline: $62,133.46 (37%) | Bearish Breaker Block $64,055.36-$64,067.58 (broke at $63,938.89) | Bullish Breaker Block $63,938.89-$64,067.58 (broke at $64,160.13) | Daily supply: $73370.85-$74020.76 | Daily demand: $59108.92-$63807.69 | Bullish confirmation candle: BULLISH_MARUBOZU",Price approaching demand $63962.65-$64007.23 ($1659 away) | Wait for sell-side liquidity sweep | Wait for bullish BOS/CHOCH on 5m,OFF_HOURS
2026-06-17 12:06:28,GOLD,4344.8,WATCH_SELL,NEUTRAL,0,False,4344.8,4376.5,4349.1,0.14,NEUTRAL,COMPRESSION,STRONG_BEARISH,-75,NEUTRAL,11,4356.39990234375,4369.7998046875,4349.10009765625,4354.0,4447.39990234375,4509.89990234375,4100.0,4200.0,V_TOP,83,4376.5,NONE,0.5,0,DOUBLE_TOP,4376.5,4352.6,100,True,1,BEARISH,NONE,0,NONE,0,0,4235.0,4246.8,4231.6,4247.0,,,,,,,,,"1H structure: NEUTRAL (COMPRESSION) | 1H momentum: STRONG_BEARISH (-75) | V-Reversal: V_TOP at $4376.50 (83%) | DOUBLE_TOP at $4,376.50 | Neckline: $4,352.60 (100%) | Inside Bar x1 (BEARISH) | Break above $4,345.50 or below $4,340.10 | Bearish Breaker Block $4,235.00-$4,246.80 (broke at $4,231.60) | Bullish Breaker Block $4,231.60-$4,247.00 (broke at $4,247.90) | Daily supply: $4447.40-$4509.90 | Daily demand: $4100.00-$4200.00",Wait for price to reach supply $4356.40-$4369.80 ($12 away) | Wait for buy-side liquidity sweep | Wait for bearish confirmation candle | Wait for bearish BOS/CHOCH on 5m,OFF_HOURS
2026-06-17 12:06:30,BTC,64007.23,WATCH_BUY,BULLISH,25,False,64007.23,63940.36,64905.35,13.43,BULLISH,HH_HL,BULLISH,27,STRONG_BULLISH,49,64066.78125,64905.3515625,63962.6484375,64007.23046875,73370.8515625,74020.7578125,59108.91796875,63807.69140625,NONE,0,0,ASCENDING,1,30.0,DOUBLE_BOTTOM,60898.89,62133.46,37,False,0,NONE,NONE,0,NONE,0,0,64055.36,64067.58,63938.89,64067.58,,,,,,,,,"1H structure: BULLISH (HH_HL) | 1H momentum: BULLISH (27) | Channel: ASCENDING | Position: 100% | DOUBLE_BOTTOM at $60,898.89 | Neckline: $62,133.46 (37%) | Bearish Breaker Block $64,055.36-$64,067.58 (broke at $63,938.89) | Bullish Breaker Block $63,938.89-$64,067.58 (broke at $64,160.13) | Daily supply: $73370.85-$74020.76 | Daily demand: $59108.92-$63807.69 | Bullish confirmation candle: BULLISH_MARUBOZU",Price approaching demand $63962.65-$64007.23 ($1659 away) | Wait for sell-side liquidity sweep | Wait for bullish BOS/CHOCH on 5m,OFF_HOURS
2026-06-17 12:06:35,GOLD,4356.4,WATCH_SELL,NEUTRAL,0,False,4356.4,4376.5,4349.1,0.36,NEUTRAL,COMPRESSION,STRONG_BEARISH,-75,NEUTRAL,11,4356.39990234375,4369.7998046875,4349.10009765625,4354.0,4447.39990234375,4509.89990234375,4100.0,4200.0,V_TOP,83,4376.5,NONE,0.5,0,DOUBLE_TOP,4376.5,4352.6,100,True,1,BEARISH,NONE,0,NONE,0,0,4235.0,4246.8,4231.6,4247.0,,,,,,,,,"1H structure: NEUTRAL (COMPRESSION) | 1H momentum: STRONG_BEARISH (-75) | V-Reversal: V_TOP at $4376.50 (83%) | DOUBLE_TOP at $4,376.50 | Neckline: $4,352.60 (100%) | Inside Bar x1 (BEARISH) | Break above $4,345.50 or below $4,340.10 | Bearish Breaker Block $4,235.00-$4,246.80 (broke at $4,231.60) | Bullish Breaker Block $4,231.60-$4,247.00 (broke at $4,247.90) | Daily supply: $4447.40-$4509.90 | Daily demand: $4100.00-$4200.00",Wait for price to reach supply $4356.40-$4369.80 ($12 away) | Wait for buy-side liquidity sweep | Wait for bearish confirmation candle | Wait for bearish BOS/CHOCH on 5m,OFF_HOURS
2026-06-17 12:06:49,GOLD,4344.8,WATCH_SELL,NEUTRAL,0,False,4344.8,4376.5,4349.1,0.14,NEUTRAL,COMPRESSION,STRONG_BEARISH,-75,NEUTRAL,11,4356.39990234375,4369.7998046875,4349.10009765625,4354.0,4447.39990234375,4509.89990234375,4100.0,4200.0,V_TOP,83,4376.5,NONE,0.5,0,DOUBLE_TOP,4376.5,4352.6,100,True,1,BEARISH,NONE,0,NONE,0,0,4235.0,4246.8,4231.6,4247.0,,,,,,,,,"1H structure: NEUTRAL (COMPRESSION) | 1H momentum: STRONG_BEARISH (-75) | V-Reversal: V_TOP at $4376.50 (83%) | DOUBLE_TOP at $4,376.50 | Neckline: $4,352.60 (100%) | Inside Bar x1 (BEARISH) | Break above $4,345.50 or below $4,340.10 | Bearish Breaker Block $4,235.00-$4,246.80 (broke at $4,231.60) | Bullish Breaker Block $4,231.60-$4,247.00 (broke at $4,247.90) | Daily supply: $4447.40-$4509.90 | Daily demand: $4100.00-$4200.00",Wait for price to reach supply $4356.40-$4369.80 ($12 away) | Wait for buy-side liquidity sweep | Wait for bearish confirmation candle | Wait for bearish BOS/CHOCH on 5m,OFF_HOURS
2026-06-17 12:07:02,BTC,65666.18,WATCH_BUY,BULLISH,25,False,65666.18,63940.36,64905.35,0.44,BULLISH,HH_HL,BULLISH,27,STRONG_BULLISH,49,64066.78125,64905.3515625,63962.6484375,64007.23046875,73370.8515625,74020.7578125,59108.91796875,63807.69140625,NONE,0,0,ASCENDING,1,30.0,DOUBLE_BOTTOM,60898.89,62133.46,37,False,0,NONE,NONE,0,NONE,0,0,64055.36,64067.58,63938.89,64067.58,,,,,,,,,"1H structure: BULLISH (HH_HL) | 1H momentum: BULLISH (27) | Channel: ASCENDING | Position: 100% | DOUBLE_BOTTOM at $60,898.89 | Neckline: $62,133.46 (37%) | Bearish Breaker Block $64,055.36-$64,067.58 (broke at $63,938.89) | Bullish Breaker Block $63,938.89-$64,067.58 (broke at $64,160.13) | Daily supply: $73370.85-$74020.76 | Daily demand: $59108.92-$63807.69 | Bullish confirmation candle: BULLISH_MARUBOZU",Price approaching demand $63962.65-$64007.23 ($1659 away) | Wait for sell-side liquidity sweep | Wait for bullish BOS/CHOCH on 5m,OFF_HOURS
2026-06-17 12:07:26,BTC,65666.18,WATCH_BUY,BULLISH,25,False,65666.18,63940.36,64905.35,0.44,BULLISH,HH_HL,BULLISH,27,STRONG_BULLISH,49,64066.78125,64905.3515625,63962.6484375,64007.23046875,73370.8515625,74020.7578125,59108.91796875,63807.69140625,NONE,0,0,ASCENDING,1,30.0,DOUBLE_BOTTOM,60898.89,62133.46,37,False,0,NONE,NONE,0,NONE,0,0,64055.36,64067.58,63938.89,64067.58,,,,,,,,,"1H structure: BULLISH (HH_HL) | 1H momentum: BULLISH (27) | Channel: ASCENDING | Position: 100% | DOUBLE_BOTTOM at $60,898.89 | Neckline: $62,133.46 (37%) | Bearish Breaker Block $64,055.36-$64,067.58 (broke at $63,938.89) | Bullish Breaker Block $63,938.89-$64,067.58 (broke at $64,160.13) | Daily supply: $73370.85-$74020.76 | Daily demand: $59108.92-$63807.69 | Bullish confirmation candle: BULLISH_MARUBOZU",Price approaching demand $63962.65-$64007.23 ($1659 away) | Wait for sell-side liquidity sweep | Wait for bullish BOS/CHOCH on 5m,OFF_HOURS
2026-06-17 12:07:31,GOLD,4346.8,WATCH_NEUTRAL,NEUTRAL,0,False,4346.8,0,0,0,NEUTRAL,COMPRESSION,NEUTRAL,0,NEUTRAL,13,4356.39990234375,4369.7998046875,4349.10009765625,4354.0,4447.39990234375,4509.89990234375,4100.0,4200.0,V_TOP,83,4376.5,NONE,0.5,0,DOUBLE_TOP,4376.5,4352.6,100,False,0,NONE,MORNING_STAR,81,NONE,0,0,4235.0,4246.8,4231.6,4247.0,,,,,,,,,"1H structure: NEUTRAL (COMPRESSION) | V-Reversal: V_TOP at $4376.50 (83%) | DOUBLE_TOP at $4,376.50 | Neckline: $4,352.60 (100%) | MORNING_STAR at $4,340.10 (81%) | Bearish Breaker Block $4,235.00-$4,246.80 (broke at $4,231.60) | Bullish Breaker Block $4,231.60-$4,247.00 (broke at $4,247.90) | Daily supply: $4447.40-$4509.90 | Daily demand: $4100.00-$4200.00",1H structure NEUTRAL — wait for clear HH/HL or LH/LL,OFF_HOURS
2026-06-17 12:07:38,BTC,64007.23,WATCH_BUY,BULLISH,25,False,64007.23,63940.36,64905.35,13.43,BULLISH,HH_HL,BULLISH,27,STRONG_BULLISH,49,64066.78125,64905.3515625,63962.6484375,64007.23046875,73370.8515625,74020.7578125,59108.91796875,63807.69140625,NONE,0,0,ASCENDING,1,30.0,DOUBLE_BOTTOM,60898.89,62133.46,37,False,0,NONE,NONE,0,NONE,0,0,64055.36,64067.58,63938.89,64067.58,,,,,,,,,"1H structure: BULLISH (HH_HL) | 1H momentum: BULLISH (27) | Channel: ASCENDING | Position: 100% | DOUBLE_BOTTOM at $60,898.89 | Neckline: $62,133.46 (37%) | Bearish Breaker Block $64,055.36-$64,067.58 (broke at $63,938.89) | Bullish Breaker Block $63,938.89-$64,067.58 (broke at $64,160.13) | Daily supply: $73370.85-$74020.76 | Daily demand: $59108.92-$63807.69 | Bullish confirmation candle: BULLISH_MARUBOZU",Price approaching demand $63962.65-$64007.23 ($1659 away) | Wait for sell-side liquidity sweep | Wait for bullish BOS/CHOCH on 5m,OFF_HOURS
2026-06-17 12:07:39,GOLD,4346.8,WATCH_NEUTRAL,NEUTRAL,0,False,4346.8,0,0,0,NEUTRAL,COMPRESSION,NEUTRAL,0,NEUTRAL,13,4356.39990234375,4369.7998046875,4349.10009765625,4354.0,4447.39990234375,4509.89990234375,4100.0,4200.0,V_TOP,83,4376.5,NONE,0.5,0,DOUBLE_TOP,4376.5,4352.6,100,False,0,NONE,MORNING_STAR,81,NONE,0,0,4235.0,4246.8,4231.6,4247.0,,,,,,,,,"1H structure: NEUTRAL (COMPRESSION) | V-Reversal: V_TOP at $4376.50 (83%) | DOUBLE_TOP at $4,376.50 | Neckline: $4,352.60 (100%) | MORNING_STAR at $4,340.10 (81%) | Bearish Breaker Block $4,235.00-$4,246.80 (broke at $4,231.60) | Bullish Breaker Block $4,231.60-$4,247.00 (broke at $4,247.90) | Daily supply: $4447.40-$4509.90 | Daily demand: $4100.00-$4200.00",1H structure NEUTRAL — wait for clear HH/HL or LH/LL,OFF_HOURS
2026-06-17 12:07:52,GOLD,4346.8,WATCH_NEUTRAL,NEUTRAL,0,False,4346.8,0,0,0,NEUTRAL,COMPRESSION,NEUTRAL,0,NEUTRAL,13,4356.39990234375,4369.7998046875,4349.10009765625,4354.0,4447.39990234375,4509.89990234375,4100.0,4200.0,V_TOP,83,4376.5,NONE,0.5,0,DOUBLE_TOP,4376.5,4352.6,100,False,0,NONE,MORNING_STAR,81,NONE,0,0,4235.0,4246.8,4231.6,4247.0,,,,,,,,,"1H structure: NEUTRAL (COMPRESSION) | V-Reversal: V_TOP at $4376.50 (83%) | DOUBLE_TOP at $4,376.50 | Neckline: $4,352.60 (100%) | MORNING_STAR at $4,340.10 (81%) | Bearish Breaker Block $4,235.00-$4,246.80 (broke at $4,231.60) | Bullish Breaker Block $4,231.60-$4,247.00 (broke at $4,247.90) | Daily supply: $4447.40-$4509.90 | Daily demand: $4100.00-$4200.00",1H structure NEUTRAL — wait for clear HH/HL or LH/LL,OFF_HOURS
2026-06-17 12:08:10,BTC,65666.18,WATCH_BUY,BULLISH,25,False,65666.18,63940.36,64905.35,0.44,BULLISH,HH_HL,BULLISH,27,STRONG_BULLISH,49,64066.78125,64905.3515625,63962.6484375,64007.23046875,73370.8515625,74020.7578125,59108.91796875,63807.69140625,NONE,0,0,ASCENDING,1,30.0,DOUBLE_BOTTOM,60898.89,62133.46,37,False,0,NONE,NONE,0,NONE,0,0,64055.36,64067.58,63938.89,64067.58,,,,,,,,,"1H structure: BULLISH (HH_HL) | 1H momentum: BULLISH (27) | Channel: ASCENDING | Position: 100% | DOUBLE_BOTTOM at $60,898.89 | Neckline: $62,133.46 (37%) | Bearish Breaker Block $64,055.36-$64,067.58 (broke at $63,938.89) | Bullish Breaker Block $63,938.89-$64,067.58 (broke at $64,160.13) | Daily supply: $73370.85-$74020.76 | Daily demand: $59108.92-$63807.69 | Bullish confirmation candle: BULLISH_MARUBOZU",Price approaching demand $63962.65-$64007.23 ($1659 away) | Wait for sell-side liquidity sweep | Wait for bullish BOS/CHOCH on 5m,OFF_HOURS
